{"stats":{"minecraft:used":{"minecraft:bread":2,"minecraft:stone_pickaxe":14,"minecraft:spruce_planks":21,"minecraft:blue_bed":1,"minecraft:spruce_sapling":1,"minecraft:wooden_shovel":59,"minecraft:stone_axe":53,"minecraft:crafting_table":1,"minecraft:cooked_rabbit":2,"minecraft:bucket":2,"minecraft:powder_snow_bucket":2,"minecraft:snowball":44},"minecraft:mined":{"minecraft:large_fern":1,"minecraft:smithing_table":1,"minecraft:spruce_planks":6,"minecraft:brown_mushroom":2,"minecraft:furnace":2,"minecraft:snow":57,"minecraft:spruce_log":12,"minecraft:powder_snow":35,"minecraft:coal_ore":12,"minecraft:spruce_leaves":18},"minecraft:picked_up":{"minecraft:charcoal":1,"minecraft:stick":4,"minecraft:smithing_table":3,"minecraft:brown_mushroom":2,"minecraft:powder_snow_bucket":1,"minecraft:cooked_rabbit":2,"minecraft:spruce_sapling":3,"minecraft:gunpowder":3,"minecraft:grass_block":1,"minecraft:spruce_log":11,"minecraft:blue_bed":2,"minecraft:spider_eye":2,"minecraft:string":8,"minecraft:rotten_flesh":2,"minecraft:stone_axe":4,"minecraft:spruce_planks":118,"minecraft:iron_ingot":2,"minecraft:stone_pickaxe":3,"minecraft:bread":2,"minecraft:coal":42,"minecraft:snowball":96,"minecraft:furnace":7},"minecraft:custom":{"minecraft:time_since_rest":599,"minecraft:interact_with_furnace":3,"minecraft:sprint_one_cm":70265,"minecraft:damage_taken":650,"minecraft:walk_one_cm":55922,"minecraft:mob_kills":8,"minecraft:drop":13,"minecraft:damage_dealt":2258,"minecraft:talked_to_villager":1,"minecraft:interact_with_crafting_table":5,"minecraft:fly_one_cm":99114,"minecraft:open_chest":1,"minecraft:crouch_one_cm":4349,"minecraft:play_time":28402,"minecraft:deaths":2,"minecraft:sneak_time":2031,"minecraft:jump":631,"minecraft:time_since_death":553,"minecraft:total_world_time":28402,"minecraft:fall_one_cm":16149},"minecraft:dropped":{"minecraft:iron_ingot":2,"minecraft:furnace":1,"minecraft:stone_axe":1,"minecraft:gunpowder":3,"minecraft:powder_snow_bucket":1,"minecraft:charcoal":1,"minecraft:snowball":8,"minecraft:rotten_flesh":2,"minecraft:string":2,"minecraft:spruce_sapling":1},"minecraft:killed_by":{"minecraft:zombie_villager":1},"minecraft:crafted":{"minecraft:wooden_shovel":1,"minecraft:crafting_table":1,"minecraft:spruce_planks":44,"minecraft:stick":4},"minecraft:broken":{"minecraft:wooden_shovel":1},"minecraft:killed":{"minecraft:skeleton":1,"minecraft:zombie":1,"minecraft:spider":3,"minecraft:creeper":2,"minecraft:enderman":1}},"DataVersion":3700}