{"stats":{"minecraft:killed":{"minecraft:pig":2,"minecraft:witch":1,"minecraft:skeleton":1},"minecraft:crafted":{"minecraft:oak_planks":144,"minecraft:stone_shovel":1,"minecraft:cooked_porkchop":4,"minecraft:crafting_table":1,"minecraft:wooden_pickaxe":1,"minecraft:iron_sword":1,"minecraft:furnace":1,"minecraft:bucket":1,"minecraft:stone_axe":1,"minecraft:bread":18,"minecraft:air":0,"minecraft:stick":44,"minecraft:iron_ingot":3,"minecraft:stone_pickaxe":1,"minecraft:wooden_axe":1,"minecraft:torch":16,"minecraft:stone_hoe":1,"minecraft:wheat":54},"minecraft:used":{"minecraft:water_bucket":1,"minecraft:stone_shovel":134,"minecraft:stone_pickaxe":36,"minecraft:wooden_pickaxe":6,"minecraft:iron_sword":13,"minecraft:stone_hoe":15,"minecraft:torch":2,"minecraft:dirt":36,"minecraft:crafting_table":7,"minecraft:white_bed":2,"minecraft:wooden_axe":5,"minecraft:bread":6,"minecraft:birch_sapling":1,"minecraft:gravel":58,"minecraft:stone_axe":47,"minecraft:cobblestone":3,"minecraft:oak_sapling":1,"minecraft:furnace":1,"minecraft:cooked_porkchop":1,"minecraft:bucket":1,"minecraft:egg":1},"minecraft:broken":{"minecraft:stone_shovel":1},"minecraft:mined":{"minecraft:white_bed":2,"minecraft:glass_pane":1,"minecraft:crafting_table":7,"minecraft:short_grass":71,"minecraft:grass_block":77,"minecraft:tall_grass":5,"minecraft:cobblestone":3,"minecraft:wall_torch":1,"minecraft:hay_block":12,"minecraft:furnace":1,"minecraft:iron_ore":3,"minecraft:birch_leaves":4,"minecraft:yellow_bed":7,"minecraft:coal_ore":15,"minecraft:oak_log":36,"minecraft:dirt_path":1,"minecraft:gravel":62,"minecraft:dirt":10,"minecraft:stonecutter":2,"minecraft:stone":18,"minecraft:oak_leaves":16},"minecraft:custom":{"minecraft:interact_with_furnace":6,"minecraft:mob_kills":4,"minecraft:interact_with_crafting_table":8,"minecraft:time_since_death":26482,"minecraft:sleep_in_bed":2,"minecraft:time_since_rest":47,"minecraft:sprint_one_cm":82299,"minecraft:damage_taken":435,"minecraft:walk_one_cm":64437,"minecraft:drop":6,"minecraft:damage_dealt":1508,"minecraft:swim_one_cm":1784,"minecraft:fly_one_cm":147210,"minecraft:player_kills":1,"minecraft:open_chest":3,"minecraft:crouch_one_cm":588,"minecraft:play_time":29650,"minecraft:deaths":1,"minecraft:sneak_time":216,"minecraft:walk_under_water_one_cm":343,"minecraft:jump":739,"minecraft:walk_on_water_one_cm":469,"minecraft:total_world_time":29650,"minecraft:fall_one_cm":25381},"minecraft:killed_by":{"minecraft:player":1},"minecraft:picked_up":{"minecraft:crafting_table":8,"minecraft:flint":4,"minecraft:oak_log":36,"minecraft:yellow_bed":7,"minecraft:dirt":88,"minecraft:bone":1,"minecraft:stonecutter":2,"minecraft:wheat_seeds":9,"minecraft:stone_pickaxe":1,"minecraft:iron_ingot":2,"minecraft:birch_sapling":1,"minecraft:furnace":1,"minecraft:egg":1,"minecraft:stick":5,"minecraft:raw_iron":3,"minecraft:torch":1,"minecraft:gravel":58,"minecraft:porkchop":4,"minecraft:white_bed":3,"minecraft:sugar":2,"minecraft:stone_axe":1,"minecraft:hay_block":12,"minecraft:oak_sapling":1,"minecraft:coal":22,"minecraft:cobblestone":21},"minecraft:dropped":{"minecraft:wheat_seeds":4,"minecraft:white_bed":1,"minecraft:hay_block":6}},"DataVersion":3700}