{"stats":{"minecraft:killed":{"minecraft:witch":1},"minecraft:crafted":{"minecraft:oak_planks":32,"minecraft:stone_shovel":1,"minecraft:crafting_table":1,"minecraft:stick":44,"minecraft:wooden_pickaxe":1,"minecraft:stone_pickaxe":1,"minecraft:wooden_axe":1,"minecraft:iron_sword":1,"minecraft:stone_hoe":1,"minecraft:stone_axe":1,"minecraft:bread":18,"minecraft:wheat":54},"minecraft:used":{"minecraft:wooden_axe":5,"minecraft:stone_shovel":72,"minecraft:bread":3,"minecraft:stone_pickaxe":28,"minecraft:birch_sapling":1,"minecraft:wooden_pickaxe":6,"minecraft:stone_hoe":15,"minecraft:stone_axe":16,"minecraft:cobblestone":3,"minecraft:crafting_table":5,"minecraft:white_bed":1,"minecraft:egg":1},"minecraft:mined":{"minecraft:hay_block":12,"minecraft:white_bed":1,"minecraft:birch_leaves":4,"minecraft:yellow_bed":7,"minecraft:crafting_table":5,"minecraft:short_grass":35,"minecraft:grass_block":61,"minecraft:oak_log":8,"minecraft:coal_ore":11,"minecraft:dirt":8,"minecraft:tall_grass":3,"minecraft:cobblestone":3,"minecraft:stonecutter":2,"minecraft:stone":18,"minecraft:oak_leaves":16},"minecraft:custom":{"minecraft:time_since_rest":1238,"minecraft:sprint_one_cm":43770,"minecraft:damage_taken":350,"minecraft:walk_one_cm":32678,"minecraft:mob_kills":1,"minecraft:drop":4,"minecraft:damage_dealt":1108,"minecraft:interact_with_crafting_table":6,"minecraft:swim_one_cm":1784,"minecraft:fly_one_cm":78157,"minecraft:player_kills":1,"minecraft:open_chest":3,"minecraft:crouch_one_cm":318,"minecraft:play_time":17650,"minecraft:deaths":1,"minecraft:sneak_time":149,"minecraft:walk_under_water_one_cm":343,"minecraft:jump":402,"minecraft:time_since_death":14482,"minecraft:walk_on_water_one_cm":469,"minecraft:sleep_in_bed":1,"minecraft:total_world_time":17650,"minecraft:fall_one_cm":13152},"minecraft:killed_by":{"minecraft:player":1},"minecraft:picked_up":{"minecraft:stick":4,"minecraft:crafting_table":6,"minecraft:oak_log":8,"minecraft:white_bed":3,"minecraft:yellow_bed":7,"minecraft:dirt":69,"minecraft:sugar":2,"minecraft:stonecutter":2,"minecraft:stone_axe":1,"minecraft:wheat_seeds":3,"minecraft:hay_block":12,"minecraft:iron_ingot":2,"minecraft:stone_pickaxe":1,"minecraft:birch_sapling":1,"minecraft:coal":10,"minecraft:cobblestone":21,"minecraft:egg":1},"minecraft:dropped":{"minecraft:hay_block":6,"minecraft:wheat_seeds":2,"minecraft:white_bed":1}},"DataVersion":3700}