{"stats":{"minecraft:used":{"minecraft:stone_pickaxe":20,"minecraft:spruce_planks":37,"minecraft:leather_chestplate":1,"minecraft:blue_bed":1,"minecraft:wooden_shovel":59,"minecraft:dirt":1,"minecraft:crafting_table":2,"minecraft:spruce_fence":1,"minecraft:snowball":44,"minecraft:bread":5,"minecraft:spruce_sapling":1,"minecraft:stone_axe":62,"minecraft:furnace":3,"minecraft:cooked_porkchop":1,"minecraft:cooked_rabbit":2,"minecraft:bucket":2,"minecraft:powder_snow_bucket":2},"minecraft:mined":{"minecraft:smithing_table":1,"minecraft:spruce_planks":6,"minecraft:brown_mushroom":2,"minecraft:powder_snow":42,"minecraft:crafting_table":1,"minecraft:short_grass":2,"minecraft:blast_furnace":1,"minecraft:spruce_fence":2,"minecraft:spruce_leaves":18,"minecraft:composter":1,"minecraft:blue_bed":1,"minecraft:large_fern":1,"minecraft:hay_block":30,"minecraft:furnace":5,"minecraft:wheat":1,"minecraft:snow":57,"minecraft:spruce_log":12,"minecraft:fletching_table":1,"minecraft:coal_ore":12,"minecraft:dirt":2,"minecraft:packed_ice":2},"minecraft:picked_up":{"minecraft:charcoal":1,"minecraft:crafting_table":1,"minecraft:smithing_table":3,"minecraft:leather":1,"minecraft:brown_mushroom":2,"minecraft:powder_snow_bucket":1,"minecraft:cooked_rabbit":2,"minecraft:gunpowder":3,"minecraft:blue_bed":3,"minecraft:dirt":2,"minecraft:string":10,"minecraft:wheat_seeds":1,"minecraft:rabbit_hide":1,"minecraft:spruce_planks":118,"minecraft:iron_ingot":6,"minecraft:beef":4,"minecraft:stone_pickaxe":3,"minecraft:fletching_table":1,"minecraft:rabbit":2,"minecraft:furnace":10,"minecraft:stick":4,"minecraft:composter":1,"minecraft:spruce_fence":5,"minecraft:porkchop":1,"minecraft:spruce_sapling":3,"minecraft:blast_furnace":1,"minecraft:grass_block":1,"minecraft:spruce_log":11,"minecraft:spider_eye":2,"minecraft:rotten_flesh":2,"minecraft:stone_axe":4,"minecraft:hay_block":30,"minecraft:bread":2,"minecraft:coal":66,"minecraft:snowball":96},"minecraft:custom":{"minecraft:interact_with_furnace":15,"minecraft:mob_kills":12,"minecraft:interact_with_crafting_table":6,"minecraft:leave_game":2,"minecraft:time_since_death":17420,"minecraft:sleep_in_bed":1,"minecraft:time_since_rest":10272,"minecraft:sprint_one_cm":120722,"minecraft:damage_taken":709,"minecraft:walk_one_cm":80478,"minecraft:drop":25,"minecraft:damage_dealt":2666,"minecraft:swim_one_cm":1652,"minecraft:talked_to_villager":1,"minecraft:fly_one_cm":199644,"minecraft:open_chest":4,"minecraft:crouch_one_cm":5372,"minecraft:play_time":45269,"minecraft:deaths":2,"minecraft:sneak_time":2356,"minecraft:walk_under_water_one_cm":320,"minecraft:jump":1070,"minecraft:walk_on_water_one_cm":2402,"minecraft:total_world_time":45269,"minecraft:fall_one_cm":29850},"minecraft:dropped":{"minecraft:iron_ingot":4,"minecraft:furnace":1,"minecraft:stone_axe":1,"minecraft:rotten_flesh":2,"minecraft:leather":1,"minecraft:spruce_fence":4,"minecraft:stick":2,"minecraft:rabbit_hide":1,"minecraft:hay_block":9,"minecraft:gunpowder":3,"minecraft:powder_snow_bucket":1,"minecraft:charcoal":1,"minecraft:snowball":8,"minecraft:spider_eye":1,"minecraft:string":2,"minecraft:blue_bed":1,"minecraft:spruce_sapling":1},"minecraft:killed_by":{"minecraft:zombie_villager":1},"minecraft:crafted":{"minecraft:wooden_shovel":1,"minecraft:cooked_porkchop":1,"minecraft:crafting_table":2,"minecraft:spruce_planks":44,"minecraft:bread":24,"minecraft:stick":4,"minecraft:cooked_rabbit":2,"minecraft:wheat":189},"minecraft:broken":{"minecraft:wooden_shovel":1},"minecraft:killed":{"minecraft:cat":1,"minecraft:pig":1,"minecraft:spider":3,"minecraft:creeper":2,"minecraft:skeleton":1,"minecraft:zombie":1,"minecraft:enderman":1,"minecraft:cow":2}},"DataVersion":3700}