{"stats":{"minecraft:used":{"minecraft:bread":2,"minecraft:stone_pickaxe":14,"minecraft:spruce_planks":16,"minecraft:stone_axe":29,"minecraft:cooked_rabbit":2,"minecraft:snowball":8},"minecraft:mined":{"minecraft:large_fern":1,"minecraft:smithing_table":1,"minecraft:spruce_planks":6,"minecraft:brown_mushroom":2,"minecraft:furnace":2,"minecraft:spruce_log":9,"minecraft:powder_snow":33,"minecraft:coal_ore":12,"minecraft:spruce_leaves":11},"minecraft:picked_up":{"minecraft:charcoal":1,"minecraft:smithing_table":1,"minecraft:brown_mushroom":2,"minecraft:cooked_rabbit":2,"minecraft:spruce_log":8,"minecraft:string":2,"minecraft:stone_axe":1,"minecraft:spruce_planks":28,"minecraft:stone_pickaxe":1,"minecraft:bread":2,"minecraft:coal":14,"minecraft:snowball":9,"minecraft:furnace":3},"minecraft:custom":{"minecraft:time_since_rest":16402,"minecraft:interact_with_furnace":3,"minecraft:sprint_one_cm":40573,"minecraft:damage_taken":275,"minecraft:walk_one_cm":28709,"minecraft:mob_kills":5,"minecraft:drop":2,"minecraft:damage_dealt":1028,"minecraft:talked_to_villager":1,"minecraft:interact_with_crafting_table":4,"minecraft:fly_one_cm":65646,"minecraft:open_chest":1,"minecraft:crouch_one_cm":1887,"minecraft:play_time":16402,"minecraft:sneak_time":1048,"minecraft:jump":351,"minecraft:time_since_death":16402,"minecraft:total_world_time":16402,"minecraft:fall_one_cm":8786},"minecraft:dropped":{"minecraft:furnace":1,"minecraft:charcoal":1},"minecraft:crafted":{"minecraft:spruce_planks":20},"minecraft:killed":{"minecraft:zombie":1,"minecraft:spider":2,"minecraft:creeper":2}},"DataVersion":3700}