{"stats":{"minecraft:killed":{"minecraft:witch":1,"minecraft:spider":3,"minecraft:skeleton":1,"minecraft:cat":1,"minecraft:pig":1,"minecraft:iron_golem":1,"minecraft:creeper":3,"minecraft:zombie":3,"minecraft:enderman":1,"minecraft:cow":2},"minecraft:custom":{"minecraft:mob_kills":17,"minecraft:interact_with_crafting_table":22,"minecraft:leave_game":19,"minecraft:time_since_death":92275,"minecraft:sprint_one_cm":254537,"minecraft:walk_one_cm":192806,"minecraft:drop":38,"minecraft:talked_to_villager":3,"minecraft:play_time":120124,"minecraft:deaths":2,"minecraft:sneak_time":7795,"minecraft:walk_under_water_one_cm":6626,"minecraft:jump":2036,"minecraft:walk_on_water_one_cm":33385,"minecraft:total_world_time":120124,"minecraft:interact_with_furnace":24,"minecraft:sleep_in_bed":8,"minecraft:time_since_rest":5877,"minecraft:damage_taken":1437,"minecraft:damage_dealt":5058,"minecraft:swim_one_cm":2173,"minecraft:fly_one_cm":388167,"minecraft:open_chest":25,"minecraft:crouch_one_cm":18375,"minecraft:fall_one_cm":47975},"minecraft:broken":{"minecraft:wooden_shovel":1,"minecraft:stone_pickaxe":1,"minecraft:stone_axe":1},"minecraft:mined":{"minecraft:spruce_planks":12,"minecraft:mossy_cobblestone":3,"minecraft:carved_pumpkin":1,"minecraft:spruce_trapdoor":6,"minecraft:grass_block":8,"minecraft:spruce_fence":2,"minecraft:spruce_leaves":18,"minecraft:composter":2,"minecraft:large_fern":1,"minecraft:hay_block":30,"minecraft:spruce_sapling":2,"minecraft:furnace":5,"minecraft:carrots":3,"minecraft:snow":57,"minecraft:fletching_table":1,"minecraft:rail":26,"minecraft:packed_ice":2,"minecraft:stone":76,"minecraft:tripwire":57,"minecraft:smithing_table":1,"minecraft:brown_mushroom":2,"minecraft:powder_snow":42,"minecraft:crafting_table":1,"minecraft:torch":1,"minecraft:short_grass":58,"minecraft:blast_furnace":1,"minecraft:tall_grass":1,"minecraft:cobblestone":105,"minecraft:oak_planks":2,"minecraft:blue_bed":3,"minecraft:wall_torch":4,"minecraft:wheat":1,"minecraft:spruce_log":26,"minecraft:oak_log":2,"minecraft:coal_ore":15,"minecraft:dirt":21,"minecraft:tripwire_hook":8},"minecraft:dropped":{"minecraft:iron_ingot":4,"minecraft:short_grass":1,"minecraft:wheat_seeds":9,"minecraft:cobblestone":2,"minecraft:leather":1,"minecraft:fletching_table":1,"minecraft:stick":2,"minecraft:dirt":12,"minecraft:snowball":8,"minecraft:string":3,"minecraft:blue_bed":1,"minecraft:spruce_sapling":1,"minecraft:furnace":1,"minecraft:stone_axe":2,"minecraft:rotten_flesh":2,"minecraft:spruce_fence":4,"minecraft:pumpkin_seeds":4,"minecraft:rabbit_hide":1,"minecraft:hay_block":9,"minecraft:gunpowder":3,"minecraft:powder_snow_bucket":1,"minecraft:charcoal":1,"minecraft:spider_eye":1},"minecraft:killed_by":{"minecraft:zombie_villager":1},"minecraft:crafted":{"minecraft:tripwire_hook":2,"minecraft:lever":1,"minecraft:stone_pickaxe":1,"minecraft:chest":3,"minecraft:cooked_rabbit":2,"minecraft:wheat":189,"minecraft:cooked_beef":4,"minecraft:wooden_shovel":1,"minecraft:cooked_porkchop":1,"minecraft:crafting_table":2,"minecraft:spruce_planks":100,"minecraft:bucket":2,"minecraft:stone_axe":1,"minecraft:bread":63,"minecraft:air":0,"minecraft:spruce_trapdoor":2,"minecraft:shield":1,"minecraft:stick":16,"minecraft:torch":4,"minecraft:shears":1},"minecraft:used":{"minecraft:spruce_planks":43,"minecraft:chest":2,"minecraft:wooden_shovel":59,"minecraft:torch":6,"minecraft:dirt":9,"minecraft:carrot":3,"minecraft:spruce_fence":1,"minecraft:snowball":44,"minecraft:tripwire_hook":12,"minecraft:furnace":5,"minecraft:powder_snow_bucket":2,"minecraft:water_bucket":25,"minecraft:stone_pickaxe":236,"minecraft:leather_chestplate":1,"minecraft:blue_bed":4,"minecraft:crafting_table":3,"minecraft:shears":38,"minecraft:lever":5,"minecraft:bread":21,"minecraft:string":103,"minecraft:iron_pickaxe":8,"minecraft:spruce_trapdoor":6,"minecraft:spruce_sapling":4,"minecraft:stone_axe":132,"minecraft:cobblestone":119,"minecraft:cooked_porkchop":1,"minecraft:cooked_rabbit":4,"minecraft:bucket":29},"minecraft:picked_up":{"minecraft:charcoal":1,"minecraft:crafting_table":1,"minecraft:brown_mushroom":2,"minecraft:smithing_table":3,"minecraft:cooked_rabbit":2,"minecraft:string":112,"minecraft:spruce_planks":124,"minecraft:beef":4,"minecraft:iron_pickaxe":1,"minecraft:spruce_trapdoor":6,"minecraft:furnace":10,"minecraft:stick":4,"minecraft:composter":2,"minecraft:torch":6,"minecraft:spruce_fence":5,"minecraft:porkchop":1,"minecraft:carrot":3,"minecraft:rotten_flesh":2,"minecraft:hay_block":30,"minecraft:carved_pumpkin":1,"minecraft:cobblestone":179,"minecraft:snowball":96,"minecraft:rail":26,"minecraft:tripwire_hook":12,"minecraft:leather":1,"minecraft:powder_snow_bucket":1,"minecraft:gunpowder":3,"minecraft:blue_bed":5,"minecraft:dirt":55,"minecraft:wheat_seeds":12,"minecraft:rabbit_hide":1,"minecraft:stone_pickaxe":4,"minecraft:iron_ingot":13,"minecraft:rabbit":2,"minecraft:fletching_table":2,"minecraft:spruce_sapling":6,"minecraft:blast_furnace":1,"minecraft:spruce_log":25,"minecraft:grass_block":1,"minecraft:spider_eye":2,"minecraft:pumpkin_seeds":4,"minecraft:stone_axe":5,"minecraft:lever":5,"minecraft:short_grass":1,"minecraft:bread":37,"minecraft:coal":69}},"DataVersion":3700}