{"stats":{"minecraft:used":{"minecraft:water_bucket":11,"minecraft:stone_pickaxe":132,"minecraft:chest":2,"minecraft:spruce_planks":38,"minecraft:leather_chestplate":1,"minecraft:blue_bed":4,"minecraft:wooden_shovel":59,"minecraft:dirt":9,"minecraft:crafting_table":3,"minecraft:carrot":3,"minecraft:spruce_fence":1,"minecraft:shears":29,"minecraft:snowball":44,"minecraft:lever":5,"minecraft:bread":9,"minecraft:string":88,"minecraft:spruce_trapdoor":6,"minecraft:spruce_sapling":1,"minecraft:stone_axe":103,"minecraft:tripwire_hook":8,"minecraft:cobblestone":67,"minecraft:furnace":5,"minecraft:cooked_porkchop":1,"minecraft:cooked_rabbit":2,"minecraft:bucket":15,"minecraft:powder_snow_bucket":2},"minecraft:mined":{"minecraft:smithing_table":1,"minecraft:spruce_planks":7,"minecraft:brown_mushroom":2,"minecraft:mossy_cobblestone":3,"minecraft:powder_snow":42,"minecraft:crafting_table":1,"minecraft:spruce_trapdoor":4,"minecraft:short_grass":42,"minecraft:blast_furnace":1,"minecraft:grass_block":8,"minecraft:spruce_fence":2,"minecraft:cobblestone":74,"minecraft:oak_planks":2,"minecraft:spruce_leaves":18,"minecraft:composter":2,"minecraft:blue_bed":3,"minecraft:large_fern":1,"minecraft:hay_block":30,"minecraft:furnace":5,"minecraft:carrots":3,"minecraft:wheat":1,"minecraft:snow":57,"minecraft:spruce_log":26,"minecraft:fletching_table":1,"minecraft:oak_log":2,"minecraft:coal_ore":12,"minecraft:dirt":18,"minecraft:packed_ice":2,"minecraft:tripwire_hook":5,"minecraft:stone":28,"minecraft:tripwire":44},"minecraft:picked_up":{"minecraft:charcoal":1,"minecraft:crafting_table":1,"minecraft:tripwire_hook":8,"minecraft:smithing_table":3,"minecraft:leather":1,"minecraft:brown_mushroom":2,"minecraft:powder_snow_bucket":1,"minecraft:cooked_rabbit":2,"minecraft:gunpowder":3,"minecraft:dirt":38,"minecraft:blue_bed":5,"minecraft:string":97,"minecraft:wheat_seeds":5,"minecraft:rabbit_hide":1,"minecraft:spruce_planks":119,"minecraft:iron_ingot":12,"minecraft:beef":4,"minecraft:stone_pickaxe":4,"minecraft:fletching_table":2,"minecraft:rabbit":2,"minecraft:spruce_trapdoor":4,"minecraft:furnace":10,"minecraft:stick":4,"minecraft:composter":2,"minecraft:spruce_fence":5,"minecraft:porkchop":1,"minecraft:spruce_sapling":3,"minecraft:blast_furnace":1,"minecraft:carrot":3,"minecraft:grass_block":1,"minecraft:spruce_log":25,"minecraft:spider_eye":2,"minecraft:rotten_flesh":2,"minecraft:stone_axe":5,"minecraft:lever":4,"minecraft:hay_block":30,"minecraft:bread":37,"minecraft:coal":66,"minecraft:snowball":96,"minecraft:cobblestone":97},"minecraft:custom":{"minecraft:interact_with_furnace":21,"minecraft:mob_kills":15,"minecraft:interact_with_crafting_table":17,"minecraft:leave_game":2,"minecraft:time_since_death":52987,"minecraft:sleep_in_bed":4,"minecraft:time_since_rest":6457,"minecraft:sprint_one_cm":161029,"minecraft:damage_taken":925,"minecraft:walk_one_cm":141726,"minecraft:drop":31,"minecraft:damage_dealt":3908,"minecraft:swim_one_cm":1652,"minecraft:talked_to_villager":3,"minecraft:fly_one_cm":266759,"minecraft:open_chest":14,"minecraft:crouch_one_cm":15259,"minecraft:play_time":80836,"minecraft:deaths":2,"minecraft:sneak_time":6377,"minecraft:walk_under_water_one_cm":828,"minecraft:jump":1506,"minecraft:walk_on_water_one_cm":30085,"minecraft:total_world_time":80836,"minecraft:fall_one_cm":35196},"minecraft:dropped":{"minecraft:iron_ingot":4,"minecraft:furnace":1,"minecraft:stone_axe":2,"minecraft:wheat_seeds":2,"minecraft:rotten_flesh":2,"minecraft:leather":1,"minecraft:fletching_table":1,"minecraft:spruce_fence":4,"minecraft:stick":2,"minecraft:rabbit_hide":1,"minecraft:dirt":12,"minecraft:hay_block":9,"minecraft:gunpowder":3,"minecraft:powder_snow_bucket":1,"minecraft:charcoal":1,"minecraft:snowball":8,"minecraft:spider_eye":1,"minecraft:string":3,"minecraft:blue_bed":1,"minecraft:spruce_sapling":1},"minecraft:killed_by":{"minecraft:zombie_villager":1},"minecraft:crafted":{"minecraft:wooden_shovel":1,"minecraft:tripwire_hook":2,"minecraft:cooked_porkchop":1,"minecraft:crafting_table":2,"minecraft:spruce_planks":100,"minecraft:bucket":2,"minecraft:lever":1,"minecraft:stone_axe":1,"minecraft:bread":63,"minecraft:spruce_trapdoor":2,"minecraft:stick":12,"minecraft:stone_pickaxe":1,"minecraft:chest":3,"minecraft:shears":1,"minecraft:cooked_rabbit":2,"minecraft:wheat":189},"minecraft:killed":{"minecraft:cat":1,"minecraft:pig":1,"minecraft:spider":3,"minecraft:iron_golem":1,"minecraft:creeper":2,"minecraft:skeleton":1,"minecraft:zombie":3,"minecraft:enderman":1,"minecraft:cow":2},"minecraft:broken":{"minecraft:stone_pickaxe":1,"minecraft:wooden_shovel":1,"minecraft:stone_axe":1}},"DataVersion":3700}