{"stats":{"minecraft:killed":{"minecraft:pig":2,"minecraft:witch":1,"minecraft:skeleton":1},"minecraft:crafted":{"minecraft:oak_slab":54,"minecraft:oak_planks":196,"minecraft:stone_shovel":2,"minecraft:cooked_porkchop":4,"minecraft:crafting_table":1,"minecraft:wooden_pickaxe":1,"minecraft:iron_sword":1,"minecraft:furnace":1,"minecraft:bone_meal":3,"minecraft:bucket":1,"minecraft:stone_axe":2,"minecraft:bread":18,"minecraft:air":0,"minecraft:oak_trapdoor":6,"minecraft:stick":44,"minecraft:iron_ingot":3,"minecraft:stone_pickaxe":1,"minecraft:wooden_axe":1,"minecraft:chest":4,"minecraft:composter":2,"minecraft:torch":16,"minecraft:stone_hoe":2,"minecraft:wheat":54},"minecraft:used":{"minecraft:oak_trapdoor":4,"minecraft:water_bucket":16,"minecraft:stone_shovel":223,"minecraft:stone_pickaxe":41,"minecraft:oak_planks":197,"minecraft:chest":5,"minecraft:wooden_pickaxe":6,"minecraft:iron_sword":13,"minecraft:composter":2,"minecraft:stone_hoe":193,"minecraft:torch":2,"minecraft:dirt":188,"minecraft:oak_slab":43,"minecraft:crafting_table":10,"minecraft:white_bed":3,"minecraft:wooden_axe":5,"minecraft:bread":6,"minecraft:birch_sapling":1,"minecraft:gravel":58,"minecraft:stone_axe":186,"minecraft:cobblestone":3,"minecraft:oak_sapling":1,"minecraft:furnace":1,"minecraft:cooked_porkchop":2,"minecraft:bucket":17,"minecraft:egg":1,"minecraft:potato":16,"minecraft:bone_meal":3},"minecraft:broken":{"minecraft:stone_axe":1,"minecraft:stone_shovel":1,"minecraft:stone_hoe":1},"minecraft:mined":{"minecraft:oak_slab":3,"minecraft:white_bed":2,"minecraft:farmland":5,"minecraft:glass_pane":1,"minecraft:crafting_table":9,"minecraft:short_grass":76,"minecraft:grass_block":122,"minecraft:chest":1,"minecraft:tall_grass":5,"minecraft:cobblestone":8,"minecraft:oak_planks":117,"minecraft:wall_torch":1,"minecraft:hay_block":12,"minecraft:oak_trapdoor":1,"minecraft:furnace":1,"minecraft:iron_ore":3,"minecraft:birch_leaves":4,"minecraft:yellow_bed":7,"minecraft:potatoes":2,"minecraft:coal_ore":15,"minecraft:oak_log":50,"minecraft:dirt_path":13,"minecraft:gravel":62,"minecraft:dirt":53,"minecraft:stonecutter":2,"minecraft:stone":18,"minecraft:oak_leaves":16},"minecraft:custom":{"minecraft:interact_with_furnace":6,"minecraft:mob_kills":4,"minecraft:interact_with_crafting_table":18,"minecraft:time_since_death":50482,"minecraft:sleep_in_bed":3,"minecraft:time_since_rest":11033,"minecraft:sprint_one_cm":115980,"minecraft:damage_taken":525,"minecraft:walk_one_cm":130754,"minecraft:drop":6,"minecraft:damage_dealt":1508,"minecraft:swim_one_cm":1975,"minecraft:fly_one_cm":185205,"minecraft:player_kills":1,"minecraft:open_chest":18,"minecraft:crouch_one_cm":19947,"minecraft:play_time":53650,"minecraft:deaths":1,"minecraft:sneak_time":4916,"minecraft:walk_under_water_one_cm":2882,"minecraft:jump":996,"minecraft:walk_on_water_one_cm":2502,"minecraft:total_world_time":53650,"minecraft:fall_one_cm":34783},"minecraft:killed_by":{"minecraft:player":1},"minecraft:picked_up":{"minecraft:crafting_table":10,"minecraft:potato":9,"minecraft:flint":4,"minecraft:oak_log":49,"minecraft:yellow_bed":7,"minecraft:oak_trapdoor":1,"minecraft:dirt":191,"minecraft:bone":1,"minecraft:stonecutter":2,"minecraft:wheat_seeds":11,"minecraft:stone_pickaxe":1,"minecraft:iron_ingot":2,"minecraft:chest":1,"minecraft:oak_planks":117,"minecraft:birch_sapling":1,"minecraft:furnace":1,"minecraft:egg":1,"minecraft:oak_slab":4,"minecraft:stick":5,"minecraft:raw_iron":3,"minecraft:torch":2,"minecraft:gravel":58,"minecraft:porkchop":4,"minecraft:white_bed":4,"minecraft:sugar":2,"minecraft:stone_axe":1,"minecraft:hay_block":12,"minecraft:oak_sapling":1,"minecraft:coal":22,"minecraft:cobblestone":26},"minecraft:dropped":{"minecraft:wheat_seeds":4,"minecraft:white_bed":1,"minecraft:hay_block":6}},"DataVersion":3700}