{"stats":{"minecraft:killed":{"minecraft:pig":2,"minecraft:witch":1,"minecraft:skeleton":1},"minecraft:crafted":{"minecraft:oak_planks":176,"minecraft:stone_shovel":2,"minecraft:cooked_porkchop":4,"minecraft:crafting_table":1,"minecraft:wooden_pickaxe":1,"minecraft:iron_sword":1,"minecraft:furnace":1,"minecraft:bucket":1,"minecraft:stone_axe":2,"minecraft:bread":18,"minecraft:air":0,"minecraft:stick":44,"minecraft:iron_ingot":3,"minecraft:stone_pickaxe":1,"minecraft:wooden_axe":1,"minecraft:torch":16,"minecraft:stone_hoe":1,"minecraft:wheat":54},"minecraft:used":{"minecraft:water_bucket":7,"minecraft:stone_shovel":194,"minecraft:stone_pickaxe":39,"minecraft:oak_planks":190,"minecraft:wooden_pickaxe":6,"minecraft:iron_sword":13,"minecraft:stone_hoe":105,"minecraft:torch":2,"minecraft:dirt":135,"minecraft:crafting_table":8,"minecraft:white_bed":2,"minecraft:wooden_axe":5,"minecraft:bread":6,"minecraft:birch_sapling":1,"minecraft:gravel":58,"minecraft:stone_axe":163,"minecraft:cobblestone":3,"minecraft:oak_sapling":1,"minecraft:furnace":1,"minecraft:cooked_porkchop":1,"minecraft:bucket":8,"minecraft:egg":1},"minecraft:broken":{"minecraft:stone_axe":1,"minecraft:stone_shovel":1},"minecraft:mined":{"minecraft:white_bed":2,"minecraft:farmland":4,"minecraft:glass_pane":1,"minecraft:crafting_table":7,"minecraft:short_grass":75,"minecraft:grass_block":105,"minecraft:tall_grass":5,"minecraft:cobblestone":6,"minecraft:oak_planks":107,"minecraft:wall_torch":1,"minecraft:hay_block":12,"minecraft:furnace":1,"minecraft:iron_ore":3,"minecraft:birch_leaves":4,"minecraft:yellow_bed":7,"minecraft:coal_ore":15,"minecraft:oak_log":45,"minecraft:dirt_path":13,"minecraft:gravel":62,"minecraft:dirt":41,"minecraft:stonecutter":2,"minecraft:stone":18,"minecraft:oak_leaves":16},"minecraft:custom":{"minecraft:interact_with_furnace":6,"minecraft:mob_kills":4,"minecraft:interact_with_crafting_table":11,"minecraft:time_since_death":38482,"minecraft:sleep_in_bed":2,"minecraft:time_since_rest":12047,"minecraft:sprint_one_cm":99278,"minecraft:damage_taken":465,"minecraft:walk_one_cm":100372,"minecraft:drop":6,"minecraft:damage_dealt":1508,"minecraft:swim_one_cm":1848,"minecraft:fly_one_cm":164483,"minecraft:player_kills":1,"minecraft:open_chest":3,"minecraft:crouch_one_cm":13729,"minecraft:play_time":41650,"minecraft:deaths":1,"minecraft:sneak_time":2994,"minecraft:walk_under_water_one_cm":759,"minecraft:jump":847,"minecraft:walk_on_water_one_cm":1316,"minecraft:total_world_time":41650,"minecraft:fall_one_cm":28882},"minecraft:killed_by":{"minecraft:player":1},"minecraft:picked_up":{"minecraft:crafting_table":8,"minecraft:flint":4,"minecraft:oak_log":44,"minecraft:yellow_bed":7,"minecraft:dirt":161,"minecraft:bone":1,"minecraft:stonecutter":2,"minecraft:wheat_seeds":11,"minecraft:stone_pickaxe":1,"minecraft:iron_ingot":2,"minecraft:oak_planks":107,"minecraft:birch_sapling":1,"minecraft:furnace":1,"minecraft:egg":1,"minecraft:stick":5,"minecraft:raw_iron":3,"minecraft:torch":1,"minecraft:gravel":58,"minecraft:porkchop":4,"minecraft:white_bed":4,"minecraft:sugar":2,"minecraft:stone_axe":1,"minecraft:hay_block":12,"minecraft:oak_sapling":1,"minecraft:coal":22,"minecraft:cobblestone":24},"minecraft:dropped":{"minecraft:wheat_seeds":4,"minecraft:white_bed":1,"minecraft:hay_block":6}},"DataVersion":3700}