{"stats":{"minecraft:used":{"minecraft:stone_pickaxe":2},"minecraft:mined":{"minecraft:furnace":2},"minecraft:picked_up":{"minecraft:stone_pickaxe":1,"minecraft:stone_axe":1,"minecraft:furnace":2},"minecraft:custom":{"minecraft:jump":115,"minecraft:time_since_rest":4402,"minecraft:crouch_one_cm":117,"minecraft:interact_with_furnace":2,"minecraft:sprint_one_cm":8439,"minecraft:play_time":4402,"minecraft:damage_taken":10,"minecraft:time_since_death":4402,"minecraft:walk_one_cm":2629,"minecraft:sneak_time":62,"minecraft:total_world_time":4402,"minecraft:interact_with_crafting_table":1,"minecraft:fall_one_cm":2744,"minecraft:fly_one_cm":27146}},"DataVersion":3700}