{"stats":{"minecraft:used":{"minecraft:water_bucket":6,"minecraft:stone_pickaxe":89,"minecraft:chest":2,"minecraft:spruce_planks":38,"minecraft:leather_chestplate":1,"minecraft:blue_bed":4,"minecraft:wooden_shovel":59,"minecraft:dirt":8,"minecraft:crafting_table":3,"minecraft:carrot":3,"minecraft:spruce_fence":1,"minecraft:shears":13,"minecraft:snowball":44,"minecraft:lever":4,"minecraft:bread":8,"minecraft:string":27,"minecraft:spruce_trapdoor":4,"minecraft:spruce_sapling":1,"minecraft:stone_axe":100,"minecraft:tripwire_hook":4,"minecraft:cobblestone":52,"minecraft:furnace":5,"minecraft:cooked_porkchop":1,"minecraft:cooked_rabbit":2,"minecraft:bucket":8,"minecraft:powder_snow_bucket":2},"minecraft:mined":{"minecraft:smithing_table":1,"minecraft:spruce_planks":7,"minecraft:brown_mushroom":2,"minecraft:mossy_cobblestone":3,"minecraft:powder_snow":42,"minecraft:crafting_table":1,"minecraft:spruce_trapdoor":2,"minecraft:short_grass":41,"minecraft:blast_furnace":1,"minecraft:grass_block":7,"minecraft:spruce_fence":2,"minecraft:cobblestone":33,"minecraft:oak_planks":2,"minecraft:spruce_leaves":18,"minecraft:composter":2,"minecraft:blue_bed":3,"minecraft:large_fern":1,"minecraft:hay_block":30,"minecraft:furnace":5,"minecraft:carrots":3,"minecraft:wheat":1,"minecraft:snow":57,"minecraft:spruce_log":26,"minecraft:fletching_table":1,"minecraft:oak_log":2,"minecraft:coal_ore":12,"minecraft:dirt":18,"minecraft:packed_ice":2,"minecraft:tripwire_hook":2,"minecraft:stone":28,"minecraft:tripwire":18},"minecraft:picked_up":{"minecraft:charcoal":1,"minecraft:crafting_table":1,"minecraft:tripwire_hook":4,"minecraft:smithing_table":3,"minecraft:leather":1,"minecraft:brown_mushroom":2,"minecraft:powder_snow_bucket":1,"minecraft:cooked_rabbit":2,"minecraft:gunpowder":3,"minecraft:dirt":37,"minecraft:blue_bed":5,"minecraft:string":37,"minecraft:wheat_seeds":5,"minecraft:rabbit_hide":1,"minecraft:spruce_planks":119,"minecraft:iron_ingot":12,"minecraft:beef":4,"minecraft:stone_pickaxe":4,"minecraft:fletching_table":1,"minecraft:rabbit":2,"minecraft:spruce_trapdoor":2,"minecraft:furnace":10,"minecraft:stick":4,"minecraft:composter":2,"minecraft:spruce_fence":5,"minecraft:porkchop":1,"minecraft:spruce_sapling":3,"minecraft:blast_furnace":1,"minecraft:carrot":3,"minecraft:grass_block":1,"minecraft:spruce_log":25,"minecraft:spider_eye":2,"minecraft:rotten_flesh":2,"minecraft:stone_axe":4,"minecraft:lever":3,"minecraft:hay_block":30,"minecraft:bread":37,"minecraft:coal":66,"minecraft:snowball":96,"minecraft:cobblestone":59},"minecraft:custom":{"minecraft:interact_with_furnace":21,"minecraft:mob_kills":15,"minecraft:interact_with_crafting_table":17,"minecraft:leave_game":2,"minecraft:time_since_death":40987,"minecraft:sleep_in_bed":3,"minecraft:time_since_rest":7576,"minecraft:sprint_one_cm":156280,"minecraft:damage_taken":893,"minecraft:walk_one_cm":123455,"minecraft:drop":28,"minecraft:damage_dealt":3888,"minecraft:swim_one_cm":1652,"minecraft:talked_to_villager":2,"minecraft:fly_one_cm":261873,"minecraft:open_chest":14,"minecraft:crouch_one_cm":11279,"minecraft:play_time":68836,"minecraft:deaths":2,"minecraft:sneak_time":4310,"minecraft:walk_under_water_one_cm":320,"minecraft:jump":1389,"minecraft:walk_on_water_one_cm":10945,"minecraft:total_world_time":68836,"minecraft:fall_one_cm":34262},"minecraft:dropped":{"minecraft:iron_ingot":4,"minecraft:furnace":1,"minecraft:stone_axe":1,"minecraft:wheat_seeds":2,"minecraft:rotten_flesh":2,"minecraft:leather":1,"minecraft:spruce_fence":4,"minecraft:stick":2,"minecraft:rabbit_hide":1,"minecraft:dirt":12,"minecraft:hay_block":9,"minecraft:gunpowder":3,"minecraft:powder_snow_bucket":1,"minecraft:charcoal":1,"minecraft:snowball":8,"minecraft:spider_eye":1,"minecraft:string":2,"minecraft:blue_bed":1,"minecraft:spruce_sapling":1},"minecraft:killed_by":{"minecraft:zombie_villager":1},"minecraft:crafted":{"minecraft:wooden_shovel":1,"minecraft:tripwire_hook":2,"minecraft:cooked_porkchop":1,"minecraft:crafting_table":2,"minecraft:spruce_planks":100,"minecraft:bucket":2,"minecraft:lever":1,"minecraft:stone_axe":1,"minecraft:bread":63,"minecraft:spruce_trapdoor":2,"minecraft:stick":12,"minecraft:stone_pickaxe":1,"minecraft:chest":3,"minecraft:shears":1,"minecraft:cooked_rabbit":2,"minecraft:wheat":189},"minecraft:killed":{"minecraft:cat":1,"minecraft:pig":1,"minecraft:spider":3,"minecraft:iron_golem":1,"minecraft:creeper":2,"minecraft:skeleton":1,"minecraft:zombie":3,"minecraft:enderman":1,"minecraft:cow":2},"minecraft:broken":{"minecraft:stone_pickaxe":1,"minecraft:wooden_shovel":1,"minecraft:stone_axe":1}},"DataVersion":3700}