{"stats":{"minecraft:killed":{"minecraft:witch":1,"minecraft:spider":7,"minecraft:skeleton":2,"minecraft:cat":1,"minecraft:pig":2,"minecraft:iron_golem":8,"minecraft:creeper":4,"minecraft:zombie":7,"minecraft:villager":1,"minecraft:enderman":2,"minecraft:cow":2},"minecraft:custom":{"minecraft:mob_kills":37,"minecraft:interact_with_crafting_table":27,"minecraft:leave_game":21,"minecraft:time_since_death":60557,"minecraft:sprint_one_cm":441577,"minecraft:walk_one_cm":339881,"minecraft:drop":70,"minecraft:talked_to_villager":6,"minecraft:play_time":189600,"minecraft:sneak_time":10163,"minecraft:deaths":3,"minecraft:walk_under_water_one_cm":8167,"minecraft:jump":3459,"minecraft:interact_with_blast_furnace":1,"minecraft:walk_on_water_one_cm":61538,"minecraft:total_world_time":189600,"minecraft:interact_with_furnace":24,"minecraft:interact_with_stonecutter":1,"minecraft:sleep_in_bed":13,"minecraft:time_since_rest":3632,"minecraft:damage_taken":2700,"minecraft:damage_dealt":13667,"minecraft:swim_one_cm":2975,"minecraft:fly_one_cm":760928,"minecraft:player_kills":1,"minecraft:open_chest":80,"minecraft:crouch_one_cm":23463,"minecraft:fall_one_cm":64497},"minecraft:broken":{"minecraft:wooden_shovel":1,"minecraft:stone_pickaxe":1,"minecraft:stone_axe":1},"minecraft:mined":{"minecraft:spruce_planks":12,"minecraft:mossy_cobblestone":3,"minecraft:carved_pumpkin":1,"minecraft:spruce_trapdoor":6,"minecraft:grass_block":12,"minecraft:spruce_fence":2,"minecraft:spruce_leaves":19,"minecraft:composter":2,"minecraft:large_fern":1,"minecraft:hay_block":30,"minecraft:spruce_sapling":2,"minecraft:furnace":5,"minecraft:carrots":52,"minecraft:snow":57,"minecraft:fletching_table":3,"minecraft:potatoes":40,"minecraft:cobblestone_slab":13,"minecraft:dirt_path":1,"minecraft:rail":26,"minecraft:packed_ice":2,"minecraft:stone":78,"minecraft:tripwire":57,"minecraft:smithing_table":3,"minecraft:brown_mushroom":2,"minecraft:powder_snow":42,"minecraft:crafting_table":1,"minecraft:torch":1,"minecraft:short_grass":73,"minecraft:blast_furnace":3,"minecraft:cobblestone":184,"minecraft:tall_grass":2,"minecraft:sugar_cane":17,"minecraft:oak_planks":2,"minecraft:blue_bed":3,"minecraft:wall_torch":6,"minecraft:wheat":29,"minecraft:spruce_log":62,"minecraft:oak_log":2,"minecraft:coal_ore":15,"minecraft:dirt":22,"minecraft:tripwire_hook":8,"minecraft:oak_leaves":3},"minecraft:dropped":{"minecraft:water_bucket":1,"minecraft:iron_ingot":4,"minecraft:bread":63,"minecraft:short_grass":2,"minecraft:porkchop":1,"minecraft:wheat_seeds":14,"minecraft:cooked_beef":4,"minecraft:cobblestone":36,"minecraft:leather":1,"minecraft:honeycomb":3,"minecraft:fletching_table":1,"minecraft:stick":7,"minecraft:dirt":16,"minecraft:torch":3,"minecraft:snowball":8,"minecraft:iron_shovel":1,"minecraft:string":5,"minecraft:bucket":4,"minecraft:blue_bed":1,"minecraft:spruce_sapling":2,"minecraft:bone":2,"minecraft:dandelion":1,"minecraft:furnace":1,"minecraft:stone_axe":3,"minecraft:rotten_flesh":6,"minecraft:spruce_fence":4,"minecraft:pumpkin_seeds":4,"minecraft:filled_map":1,"minecraft:rabbit_hide":1,"minecraft:cobblestone_slab":36,"minecraft:hay_block":9,"minecraft:gunpowder":3,"minecraft:powder_snow_bucket":1,"minecraft:spruce_trapdoor":2,"minecraft:spruce_planks":27,"minecraft:charcoal":1,"minecraft:spider_eye":1,"minecraft:arrow":1,"minecraft:oak_leaves":2},"minecraft:killed_by":{"minecraft:zombie_villager":1,"minecraft:player":1},"minecraft:crafted":{"minecraft:tripwire_hook":2,"minecraft:lever":1,"minecraft:iron_axe":1,"minecraft:stone_pickaxe":1,"minecraft:chest":3,"minecraft:cooked_rabbit":2,"minecraft:wheat":189,"minecraft:cooked_beef":4,"minecraft:wooden_shovel":1,"minecraft:cooked_porkchop":1,"minecraft:crafting_table":2,"minecraft:spruce_planks":100,"minecraft:iron_sword":1,"minecraft:bucket":4,"minecraft:stone_axe":1,"minecraft:bread":63,"minecraft:air":0,"minecraft:spruce_trapdoor":4,"minecraft:shield":1,"minecraft:stick":24,"minecraft:torch":4,"minecraft:shears":1},"minecraft:used":{"minecraft:poppy":3,"minecraft:chest":2,"minecraft:spruce_planks":43,"minecraft:iron_sword":123,"minecraft:wooden_shovel":59,"minecraft:torch":6,"minecraft:dirt":9,"minecraft:carrot":60,"minecraft:spruce_fence":1,"minecraft:snowball":44,"minecraft:iron_axe":46,"minecraft:tripwire_hook":12,"minecraft:furnace":5,"minecraft:potato":40,"minecraft:powder_snow_bucket":2,"minecraft:wheat_seeds":27,"minecraft:water_bucket":242,"minecraft:stone_pickaxe":236,"minecraft:leather_chestplate":1,"minecraft:sugar_cane":6,"minecraft:cobblestone_slab":106,"minecraft:blue_bed":4,"minecraft:fletching_table":2,"minecraft:crafting_table":3,"minecraft:blast_furnace":2,"minecraft:shears":43,"minecraft:lever":5,"minecraft:string":103,"minecraft:bread":47,"minecraft:iron_pickaxe":104,"minecraft:map":1,"minecraft:spruce_trapdoor":6,"minecraft:spruce_sapling":4,"minecraft:stone_axe":148,"minecraft:cobblestone":317,"minecraft:cooked_porkchop":1,"minecraft:smithing_table":2,"minecraft:cooked_rabbit":4,"minecraft:bucket":246},"minecraft:picked_up":{"minecraft:charcoal":1,"minecraft:crafting_table":1,"minecraft:wheat":26,"minecraft:smithing_table":5,"minecraft:brown_mushroom":2,"minecraft:cooked_rabbit":2,"minecraft:string":115,"minecraft:iron_axe":1,"minecraft:iron_shovel":1,"minecraft:bucket":4,"minecraft:spruce_planks":151,"minecraft:beef":4,"minecraft:cobblestone_slab":142,"minecraft:poppy":3,"minecraft:iron_pickaxe":2,"minecraft:sugar_cane":31,"minecraft:spruce_trapdoor":8,"minecraft:furnace":10,"minecraft:stick":9,"minecraft:composter":2,"minecraft:torch":9,"minecraft:spruce_fence":5,"minecraft:porkchop":2,"minecraft:carrot":158,"minecraft:arrow":1,"minecraft:rotten_flesh":6,"minecraft:shears":1,"minecraft:hay_block":30,"minecraft:carved_pumpkin":1,"minecraft:snowball":96,"minecraft:rail":26,"minecraft:cobblestone":312,"minecraft:leather_chestplate":1,"minecraft:cooked_beef":4,"minecraft:water_bucket":5,"minecraft:tripwire_hook":12,"minecraft:leather":1,"minecraft:powder_snow_bucket":1,"minecraft:potato":147,"minecraft:filled_map":1,"minecraft:gunpowder":3,"minecraft:dirt":59,"minecraft:blue_bed":5,"minecraft:bone":2,"minecraft:wheat_seeds":89,"minecraft:rabbit_hide":1,"minecraft:stone_pickaxe":4,"minecraft:iron_ingot":45,"minecraft:rabbit":2,"minecraft:fletching_table":4,"minecraft:iron_sword":1,"minecraft:honeycomb":3,"minecraft:dandelion":1,"minecraft:spruce_sapling":7,"minecraft:blast_furnace":3,"minecraft:grass_block":1,"minecraft:spruce_log":64,"minecraft:spider_eye":3,"minecraft:pumpkin_seeds":4,"minecraft:stone_axe":5,"minecraft:lever":5,"minecraft:short_grass":2,"minecraft:bread":150,"minecraft:coal":69,"minecraft:oak_leaves":2}},"DataVersion":3700}