{"stats":{"minecraft:killed":{"minecraft:witch":1,"minecraft:spider":7,"minecraft:skeleton":2,"minecraft:cat":1,"minecraft:pig":2,"minecraft:iron_golem":6,"minecraft:creeper":4,"minecraft:zombie":7,"minecraft:villager":1,"minecraft:enderman":2,"minecraft:cow":2},"minecraft:custom":{"minecraft:mob_kills":35,"minecraft:interact_with_crafting_table":26,"minecraft:leave_game":19,"minecraft:time_since_death":37955,"minecraft:sprint_one_cm":385214,"minecraft:walk_one_cm":304359,"minecraft:drop":67,"minecraft:talked_to_villager":3,"minecraft:play_time":166998,"minecraft:deaths":3,"minecraft:sneak_time":9206,"minecraft:walk_under_water_one_cm":7977,"minecraft:jump":3178,"minecraft:walk_on_water_one_cm":57268,"minecraft:total_world_time":166998,"minecraft:interact_with_furnace":24,"minecraft:sleep_in_bed":11,"minecraft:time_since_rest":8523,"minecraft:damage_taken":2582,"minecraft:damage_dealt":11704,"minecraft:swim_one_cm":2975,"minecraft:fly_one_cm":671938,"minecraft:player_kills":1,"minecraft:open_chest":51,"minecraft:crouch_one_cm":22235,"minecraft:fall_one_cm":61395},"minecraft:broken":{"minecraft:wooden_shovel":1,"minecraft:stone_pickaxe":1,"minecraft:stone_axe":1},"minecraft:mined":{"minecraft:spruce_planks":12,"minecraft:mossy_cobblestone":3,"minecraft:carved_pumpkin":1,"minecraft:spruce_trapdoor":6,"minecraft:grass_block":12,"minecraft:spruce_fence":2,"minecraft:spruce_leaves":18,"minecraft:composter":2,"minecraft:large_fern":1,"minecraft:hay_block":30,"minecraft:spruce_sapling":2,"minecraft:furnace":5,"minecraft:carrots":3,"minecraft:snow":57,"minecraft:fletching_table":1,"minecraft:cobblestone_slab":13,"minecraft:rail":26,"minecraft:packed_ice":2,"minecraft:stone":78,"minecraft:tripwire":57,"minecraft:smithing_table":1,"minecraft:brown_mushroom":2,"minecraft:powder_snow":42,"minecraft:crafting_table":1,"minecraft:torch":1,"minecraft:short_grass":64,"minecraft:blast_furnace":1,"minecraft:tall_grass":1,"minecraft:cobblestone":183,"minecraft:oak_planks":2,"minecraft:blue_bed":3,"minecraft:wall_torch":6,"minecraft:wheat":1,"minecraft:spruce_log":26,"minecraft:oak_log":2,"minecraft:coal_ore":15,"minecraft:dirt":21,"minecraft:tripwire_hook":8,"minecraft:oak_leaves":3},"minecraft:dropped":{"minecraft:water_bucket":1,"minecraft:iron_ingot":4,"minecraft:bread":63,"minecraft:porkchop":1,"minecraft:short_grass":2,"minecraft:wheat_seeds":13,"minecraft:cooked_beef":4,"minecraft:cobblestone":36,"minecraft:leather":1,"minecraft:honeycomb":3,"minecraft:fletching_table":1,"minecraft:stick":7,"minecraft:dirt":16,"minecraft:torch":3,"minecraft:snowball":8,"minecraft:iron_shovel":1,"minecraft:string":5,"minecraft:bucket":4,"minecraft:bone":2,"minecraft:blue_bed":1,"minecraft:spruce_sapling":1,"minecraft:dandelion":1,"minecraft:furnace":1,"minecraft:stone_axe":3,"minecraft:rotten_flesh":6,"minecraft:spruce_fence":4,"minecraft:pumpkin_seeds":4,"minecraft:rabbit_hide":1,"minecraft:cobblestone_slab":36,"minecraft:hay_block":9,"minecraft:gunpowder":3,"minecraft:powder_snow_bucket":1,"minecraft:spruce_trapdoor":2,"minecraft:spruce_planks":27,"minecraft:charcoal":1,"minecraft:spider_eye":1,"minecraft:arrow":1,"minecraft:oak_leaves":2},"minecraft:killed_by":{"minecraft:zombie_villager":1,"minecraft:player":1},"minecraft:crafted":{"minecraft:tripwire_hook":2,"minecraft:lever":1,"minecraft:iron_axe":1,"minecraft:stone_pickaxe":1,"minecraft:chest":3,"minecraft:cooked_rabbit":2,"minecraft:wheat":189,"minecraft:cooked_beef":4,"minecraft:wooden_shovel":1,"minecraft:cooked_porkchop":1,"minecraft:crafting_table":2,"minecraft:spruce_planks":100,"minecraft:iron_sword":1,"minecraft:bucket":4,"minecraft:stone_axe":1,"minecraft:bread":63,"minecraft:air":0,"minecraft:spruce_trapdoor":4,"minecraft:shield":1,"minecraft:stick":24,"minecraft:torch":4,"minecraft:shears":1},"minecraft:used":{"minecraft:poppy":3,"minecraft:spruce_planks":43,"minecraft:chest":2,"minecraft:iron_sword":92,"minecraft:wooden_shovel":59,"minecraft:torch":6,"minecraft:dirt":9,"minecraft:carrot":3,"minecraft:spruce_fence":1,"minecraft:snowball":44,"minecraft:tripwire_hook":12,"minecraft:furnace":5,"minecraft:powder_snow_bucket":2,"minecraft:water_bucket":239,"minecraft:stone_pickaxe":236,"minecraft:leather_chestplate":1,"minecraft:cobblestone_slab":106,"minecraft:blue_bed":4,"minecraft:crafting_table":3,"minecraft:shears":43,"minecraft:lever":5,"minecraft:bread":45,"minecraft:string":103,"minecraft:iron_pickaxe":101,"minecraft:spruce_trapdoor":6,"minecraft:spruce_sapling":4,"minecraft:stone_axe":148,"minecraft:cobblestone":216,"minecraft:cooked_porkchop":1,"minecraft:cooked_rabbit":4,"minecraft:bucket":243},"minecraft:picked_up":{"minecraft:charcoal":1,"minecraft:crafting_table":1,"minecraft:brown_mushroom":2,"minecraft:smithing_table":3,"minecraft:cooked_rabbit":2,"minecraft:string":115,"minecraft:iron_axe":1,"minecraft:iron_shovel":1,"minecraft:bucket":4,"minecraft:spruce_planks":151,"minecraft:beef":4,"minecraft:cobblestone_slab":142,"minecraft:poppy":3,"minecraft:iron_pickaxe":2,"minecraft:spruce_trapdoor":8,"minecraft:furnace":10,"minecraft:stick":9,"minecraft:composter":2,"minecraft:torch":9,"minecraft:spruce_fence":5,"minecraft:porkchop":2,"minecraft:carrot":3,"minecraft:arrow":1,"minecraft:rotten_flesh":6,"minecraft:shears":1,"minecraft:hay_block":30,"minecraft:carved_pumpkin":1,"minecraft:cobblestone":310,"minecraft:snowball":96,"minecraft:rail":26,"minecraft:leather_chestplate":1,"minecraft:cooked_beef":4,"minecraft:water_bucket":5,"minecraft:tripwire_hook":12,"minecraft:leather":1,"minecraft:powder_snow_bucket":1,"minecraft:gunpowder":3,"minecraft:blue_bed":5,"minecraft:dirt":59,"minecraft:bone":2,"minecraft:wheat_seeds":16,"minecraft:rabbit_hide":1,"minecraft:stone_pickaxe":4,"minecraft:iron_ingot":37,"minecraft:rabbit":2,"minecraft:fletching_table":2,"minecraft:honeycomb":3,"minecraft:iron_sword":1,"minecraft:dandelion":1,"minecraft:spruce_sapling":6,"minecraft:blast_furnace":1,"minecraft:spruce_log":25,"minecraft:grass_block":1,"minecraft:spider_eye":3,"minecraft:pumpkin_seeds":4,"minecraft:stone_axe":5,"minecraft:lever":5,"minecraft:short_grass":2,"minecraft:bread":150,"minecraft:coal":69,"minecraft:oak_leaves":2}},"DataVersion":3700}