{"stats":{"minecraft:killed":{"minecraft:pig":2,"minecraft:witch":1,"minecraft:spider":2,"minecraft:skeleton":4,"minecraft:sheep":1,"minecraft:zombie":10},"minecraft:crafted":{"minecraft:oak_slab":54,"minecraft:oak_planks":196,"minecraft:stone_shovel":5,"minecraft:tripwire_hook":2,"minecraft:cooked_porkchop":4,"minecraft:crafting_table":1,"minecraft:wooden_pickaxe":1,"minecraft:iron_sword":1,"minecraft:furnace":1,"minecraft:bucket":2,"minecraft:bone_meal":3,"minecraft:lever":1,"minecraft:stone_axe":2,"minecraft:bread":18,"minecraft:air":0,"minecraft:oak_trapdoor":6,"minecraft:iron_axe":1,"minecraft:iron_hoe":1,"minecraft:stick":52,"minecraft:iron_ingot":3,"minecraft:iron_pickaxe":1,"minecraft:stone_pickaxe":1,"minecraft:wooden_axe":1,"minecraft:chest":4,"minecraft:iron_shovel":1,"minecraft:composter":2,"minecraft:torch":16,"minecraft:stone_hoe":2,"minecraft:shears":1,"minecraft:wheat":54},"minecraft:used":{"minecraft:oak_trapdoor":5,"minecraft:water_bucket":24,"minecraft:stone_pickaxe":67,"minecraft:stone_shovel":659,"minecraft:oak_planks":197,"minecraft:chest":5,"minecraft:wooden_pickaxe":6,"minecraft:iron_sword":72,"minecraft:composter":2,"minecraft:stone_hoe":193,"minecraft:torch":13,"minecraft:dirt":587,"minecraft:oak_slab":44,"minecraft:crafting_table":10,"minecraft:white_bed":4,"minecraft:wooden_axe":5,"minecraft:bread":16,"minecraft:birch_sapling":1,"minecraft:iron_pickaxe":7,"minecraft:gravel":58,"minecraft:stone_axe":187,"minecraft:cobblestone":23,"minecraft:oak_sapling":1,"minecraft:furnace":2,"minecraft:cooked_porkchop":4,"minecraft:andesite":1,"minecraft:bucket":24,"minecraft:yellow_bed":5,"minecraft:egg":1,"minecraft:potato":16,"minecraft:bone_meal":3},"minecraft:broken":{"minecraft:stone_axe":1,"minecraft:stone_shovel":5,"minecraft:stone_hoe":1},"minecraft:mined":{"minecraft:oak_slab":3,"minecraft:white_bed":3,"minecraft:glass_pane":1,"minecraft:farmland":5,"minecraft:deepslate_diamond_ore":7,"minecraft:crafting_table":9,"minecraft:short_grass":80,"minecraft:grass_block":150,"minecraft:chest":1,"minecraft:tall_grass":5,"minecraft:cobblestone":11,"minecraft:oak_planks":117,"minecraft:wall_torch":4,"minecraft:hay_block":12,"minecraft:oak_trapdoor":2,"minecraft:furnace":1,"minecraft:iron_ore":3,"minecraft:birch_leaves":4,"minecraft:yellow_bed":8,"minecraft:oak_log":50,"minecraft:potatoes":2,"minecraft:coal_ore":15,"minecraft:dirt_path":14,"minecraft:gravel":62,"minecraft:dirt":492,"minecraft:stonecutter":2,"minecraft:stone":41,"minecraft:oak_leaves":16},"minecraft:custom":{"minecraft:interact_with_furnace":8,"minecraft:mob_kills":22,"minecraft:interact_with_crafting_table":32,"minecraft:leave_game":1,"minecraft:time_since_death":88945,"minecraft:sleep_in_bed":6,"minecraft:time_since_rest":11695,"minecraft:sprint_one_cm":173227,"minecraft:damage_taken":1160,"minecraft:walk_one_cm":228923,"minecraft:drop":6,"minecraft:damage_dealt":4592,"minecraft:swim_one_cm":1997,"minecraft:player_kills":1,"minecraft:fly_one_cm":277472,"minecraft:open_chest":53,"minecraft:crouch_one_cm":25185,"minecraft:play_time":92113,"minecraft:deaths":1,"minecraft:sneak_time":6512,"minecraft:walk_under_water_one_cm":5380,"minecraft:jump":1695,"minecraft:walk_on_water_one_cm":17092,"minecraft:total_world_time":92113,"minecraft:fall_one_cm":59892},"minecraft:killed_by":{"minecraft:player":1},"minecraft:picked_up":{"minecraft:crafting_table":10,"minecraft:andesite":1,"minecraft:potato":9,"minecraft:flint":4,"minecraft:oak_log":49,"minecraft:yellow_bed":8,"minecraft:string":2,"minecraft:dirt":658,"minecraft:oak_trapdoor":2,"minecraft:bone":4,"minecraft:stonecutter":2,"minecraft:wheat_seeds":11,"minecraft:diamond_leggings":1,"minecraft:cobbled_deepslate":4,"minecraft:stone_pickaxe":1,"minecraft:iron_ingot":34,"minecraft:diamond_helmet":1,"minecraft:chest":1,"minecraft:birch_sapling":1,"minecraft:oak_planks":117,"minecraft:furnace":1,"minecraft:egg":1,"minecraft:oak_slab":4,"minecraft:stick":5,"minecraft:raw_iron":3,"minecraft:torch":5,"minecraft:gravel":58,"minecraft:porkchop":4,"minecraft:white_bed":5,"minecraft:spider_eye":1,"minecraft:rotten_flesh":3,"minecraft:arrow":4,"minecraft:sugar":2,"minecraft:diamond_chestplate":1,"minecraft:diamond":7,"minecraft:stone_axe":1,"minecraft:diamond_boots":1,"minecraft:hay_block":12,"minecraft:oak_sapling":1,"minecraft:mutton":2,"minecraft:coal":22,"minecraft:white_wool":1,"minecraft:cobblestone":52},"minecraft:dropped":{"minecraft:wheat_seeds":4,"minecraft:white_bed":1,"minecraft:hay_block":6}},"DataVersion":3700}