{"stats":{"minecraft:killed":{"minecraft:witch":1,"minecraft:spider":2,"minecraft:skeleton":4,"minecraft:pig":2,"minecraft:sheep":1,"minecraft:zombie":10},"minecraft:crafted":{"minecraft:oak_planks":196,"minecraft:stone_shovel":5,"minecraft:tripwire_hook":2,"minecraft:furnace":1,"minecraft:lever":1,"minecraft:bone_meal":3,"minecraft:oak_trapdoor":6,"minecraft:iron_axe":1,"minecraft:iron_hoe":1,"minecraft:stone_pickaxe":1,"minecraft:chest":4,"minecraft:oak_button":1,"minecraft:stone_hoe":2,"minecraft:wheat":54,"minecraft:oak_slab":54,"minecraft:cooked_porkchop":4,"minecraft:crafting_table":1,"minecraft:wooden_pickaxe":1,"minecraft:iron_sword":1,"minecraft:bucket":2,"minecraft:stone_axe":2,"minecraft:bread":18,"minecraft:air":0,"minecraft:stick":52,"minecraft:iron_pickaxe":2,"minecraft:iron_ingot":3,"minecraft:wooden_axe":1,"minecraft:iron_shovel":1,"minecraft:composter":2,"minecraft:torch":16,"minecraft:shears":2},"minecraft:used":{"minecraft:oak_trapdoor":20,"minecraft:iron_shovel":190,"minecraft:stone_shovel":659,"minecraft:chest":5,"minecraft:iron_sword":78,"minecraft:stone_hoe":193,"minecraft:torch":13,"minecraft:dirt":604,"minecraft:wooden_axe":5,"minecraft:iron_axe":183,"minecraft:birch_sapling":1,"minecraft:tripwire_hook":27,"minecraft:oak_sapling":1,"minecraft:furnace":2,"minecraft:egg":1,"minecraft:potato":16,"minecraft:water_bucket":41,"minecraft:stone_pickaxe":67,"minecraft:oak_planks":199,"minecraft:wooden_pickaxe":6,"minecraft:composter":2,"minecraft:oak_slab":44,"minecraft:crafting_table":10,"minecraft:white_bed":5,"minecraft:shears":57,"minecraft:lever":10,"minecraft:bread":20,"minecraft:string":186,"minecraft:oak_button":1,"minecraft:iron_pickaxe":279,"minecraft:gravel":58,"minecraft:stone_axe":187,"minecraft:cobblestone":201,"minecraft:cooked_porkchop":4,"minecraft:andesite":2,"minecraft:bucket":41,"minecraft:yellow_bed":5,"minecraft:bone_meal":3},"minecraft:broken":{"minecraft:stone_hoe":1,"minecraft:stone_axe":1,"minecraft:iron_pickaxe":1,"minecraft:stone_shovel":5},"minecraft:mined":{"minecraft:white_bed":4,"minecraft:farmland":5,"minecraft:mossy_cobblestone":5,"minecraft:deepslate_diamond_ore":7,"minecraft:oak_door":1,"minecraft:cobblestone_stairs":1,"minecraft:lever":3,"minecraft:grass_block":268,"minecraft:spruce_leaves":7,"minecraft:hay_block":12,"minecraft:oak_trapdoor":17,"minecraft:furnace":1,"minecraft:iron_ore":3,"minecraft:andesite":1,"minecraft:potatoes":2,"minecraft:dirt_path":33,"minecraft:oak_stairs":68,"minecraft:stone":73,"minecraft:tripwire":85,"minecraft:oak_slab":3,"minecraft:glass_pane":6,"minecraft:dandelion":1,"minecraft:oak_fence":5,"minecraft:clay":4,"minecraft:crafting_table":9,"minecraft:short_grass":115,"minecraft:chest":1,"minecraft:tall_grass":7,"minecraft:cobblestone":176,"minecraft:oak_planks":127,"minecraft:wall_torch":6,"minecraft:white_terracotta":47,"minecraft:spruce_log":59,"minecraft:birch_leaves":4,"minecraft:yellow_bed":8,"minecraft:oak_log":72,"minecraft:coal_ore":17,"minecraft:gravel":62,"minecraft:dirt":529,"minecraft:terracotta":2,"minecraft:tripwire_hook":20,"minecraft:stonecutter":2,"minecraft:oak_leaves":16},"minecraft:custom":{"minecraft:mob_kills":22,"minecraft:interact_with_crafting_table":35,"minecraft:leave_game":2,"minecraft:time_since_death":163242,"minecraft:sprint_one_cm":240270,"minecraft:walk_one_cm":354402,"minecraft:drop":15,"minecraft:play_time":166410,"minecraft:deaths":1,"minecraft:sneak_time":10208,"minecraft:walk_under_water_one_cm":6343,"minecraft:jump":2640,"minecraft:walk_on_water_one_cm":73794,"minecraft:total_world_time":166410,"minecraft:interact_with_furnace":8,"minecraft:sleep_in_bed":13,"minecraft:time_since_rest":4845,"minecraft:damage_taken":1214,"minecraft:damage_dealt":4623,"minecraft:swim_one_cm":3249,"minecraft:fly_one_cm":380767,"minecraft:player_kills":1,"minecraft:open_chest":70,"minecraft:crouch_one_cm":37512,"minecraft:fall_one_cm":76011},"minecraft:killed_by":{"minecraft:player":1},"minecraft:picked_up":{"minecraft:crafting_table":10,"minecraft:clay_ball":16,"minecraft:oak_stairs":68,"minecraft:oak_trapdoor":17,"minecraft:string":190,"minecraft:diamond_leggings":1,"minecraft:cobbled_deepslate":4,"minecraft:chest":1,"minecraft:birch_sapling":1,"minecraft:egg":1,"minecraft:furnace":1,"minecraft:stick":5,"minecraft:raw_iron":3,"minecraft:oak_door":1,"minecraft:oak_fence":5,"minecraft:torch":9,"minecraft:porkchop":4,"minecraft:diamond_chestplate":1,"minecraft:arrow":4,"minecraft:rotten_flesh":3,"minecraft:shears":2,"minecraft:diamond_boots":1,"minecraft:hay_block":12,"minecraft:white_terracotta":47,"minecraft:mutton":2,"minecraft:cobblestone":249,"minecraft:white_wool":1,"minecraft:tripwire_hook":25,"minecraft:andesite":2,"minecraft:potato":9,"minecraft:flint":4,"minecraft:oak_log":71,"minecraft:yellow_bed":8,"minecraft:cobblestone_stairs":1,"minecraft:dirt":832,"minecraft:bone":4,"minecraft:stonecutter":2,"minecraft:wheat_seeds":13,"minecraft:stone_pickaxe":1,"minecraft:iron_ingot":34,"minecraft:diamond_helmet":1,"minecraft:oak_planks":127,"minecraft:oak_slab":4,"minecraft:dandelion":1,"minecraft:gravel":58,"minecraft:white_bed":6,"minecraft:spruce_log":55,"minecraft:spider_eye":1,"minecraft:mossy_cobblestone":5,"minecraft:sugar":2,"minecraft:diamond":7,"minecraft:stone_axe":1,"minecraft:lever":9,"minecraft:oak_button":1,"minecraft:terracotta":2,"minecraft:oak_sapling":1,"minecraft:coal":24},"minecraft:dropped":{"minecraft:wheat_seeds":6,"minecraft:string":3,"minecraft:dandelion":1,"minecraft:cobbled_deepslate":4,"minecraft:rotten_flesh":3,"minecraft:white_bed":1,"minecraft:shears":2,"minecraft:hay_block":6}},"DataVersion":3700}