{"stats":{"minecraft:killed":{"minecraft:witch":1,"minecraft:spider":4,"minecraft:skeleton":1,"minecraft:cat":1,"minecraft:pig":2,"minecraft:iron_golem":6,"minecraft:creeper":3,"minecraft:zombie":6,"minecraft:enderman":1,"minecraft:cow":2},"minecraft:custom":{"minecraft:mob_kills":27,"minecraft:interact_with_crafting_table":26,"minecraft:leave_game":19,"minecraft:time_since_death":25955,"minecraft:sprint_one_cm":356681,"minecraft:walk_one_cm":267156,"minecraft:drop":50,"minecraft:talked_to_villager":3,"minecraft:play_time":154998,"minecraft:deaths":3,"minecraft:sneak_time":8639,"minecraft:walk_under_water_one_cm":7289,"minecraft:jump":2957,"minecraft:walk_on_water_one_cm":42093,"minecraft:total_world_time":154998,"minecraft:interact_with_furnace":24,"minecraft:sleep_in_bed":10,"minecraft:time_since_rest":18202,"minecraft:damage_taken":2176,"minecraft:damage_dealt":9894,"minecraft:swim_one_cm":2173,"minecraft:fly_one_cm":636369,"minecraft:player_kills":1,"minecraft:open_chest":50,"minecraft:crouch_one_cm":21095,"minecraft:fall_one_cm":59019},"minecraft:broken":{"minecraft:wooden_shovel":1,"minecraft:stone_pickaxe":1,"minecraft:stone_axe":1},"minecraft:mined":{"minecraft:spruce_planks":12,"minecraft:mossy_cobblestone":3,"minecraft:carved_pumpkin":1,"minecraft:spruce_trapdoor":6,"minecraft:grass_block":12,"minecraft:spruce_fence":2,"minecraft:spruce_leaves":18,"minecraft:composter":2,"minecraft:large_fern":1,"minecraft:hay_block":30,"minecraft:spruce_sapling":2,"minecraft:furnace":5,"minecraft:carrots":3,"minecraft:snow":57,"minecraft:fletching_table":1,"minecraft:cobblestone_slab":2,"minecraft:rail":26,"minecraft:packed_ice":2,"minecraft:stone":76,"minecraft:tripwire":57,"minecraft:smithing_table":1,"minecraft:brown_mushroom":2,"minecraft:powder_snow":42,"minecraft:crafting_table":1,"minecraft:torch":1,"minecraft:short_grass":63,"minecraft:blast_furnace":1,"minecraft:tall_grass":1,"minecraft:cobblestone":182,"minecraft:oak_planks":2,"minecraft:blue_bed":3,"minecraft:wall_torch":6,"minecraft:wheat":1,"minecraft:spruce_log":26,"minecraft:oak_log":2,"minecraft:coal_ore":15,"minecraft:dirt":21,"minecraft:tripwire_hook":8},"minecraft:dropped":{"minecraft:iron_ingot":4,"minecraft:bread":63,"minecraft:porkchop":1,"minecraft:short_grass":1,"minecraft:wheat_seeds":9,"minecraft:cobblestone":2,"minecraft:leather":1,"minecraft:fletching_table":1,"minecraft:stick":2,"minecraft:dirt":12,"minecraft:snowball":8,"minecraft:iron_shovel":1,"minecraft:string":5,"minecraft:bucket":4,"minecraft:blue_bed":1,"minecraft:spruce_sapling":1,"minecraft:furnace":1,"minecraft:stone_axe":3,"minecraft:rotten_flesh":4,"minecraft:spruce_fence":4,"minecraft:pumpkin_seeds":4,"minecraft:rabbit_hide":1,"minecraft:hay_block":9,"minecraft:gunpowder":3,"minecraft:powder_snow_bucket":1,"minecraft:charcoal":1,"minecraft:spider_eye":1},"minecraft:killed_by":{"minecraft:zombie_villager":1,"minecraft:player":1},"minecraft:crafted":{"minecraft:tripwire_hook":2,"minecraft:lever":1,"minecraft:iron_axe":1,"minecraft:stone_pickaxe":1,"minecraft:chest":3,"minecraft:cooked_rabbit":2,"minecraft:wheat":189,"minecraft:cooked_beef":4,"minecraft:wooden_shovel":1,"minecraft:cooked_porkchop":1,"minecraft:crafting_table":2,"minecraft:spruce_planks":100,"minecraft:iron_sword":1,"minecraft:bucket":4,"minecraft:stone_axe":1,"minecraft:bread":63,"minecraft:air":0,"minecraft:spruce_trapdoor":4,"minecraft:shield":1,"minecraft:stick":24,"minecraft:torch":4,"minecraft:shears":1},"minecraft:used":{"minecraft:poppy":3,"minecraft:spruce_planks":43,"minecraft:chest":2,"minecraft:iron_sword":60,"minecraft:wooden_shovel":59,"minecraft:torch":6,"minecraft:dirt":9,"minecraft:carrot":3,"minecraft:spruce_fence":1,"minecraft:snowball":44,"minecraft:tripwire_hook":12,"minecraft:furnace":5,"minecraft:powder_snow_bucket":2,"minecraft:water_bucket":238,"minecraft:stone_pickaxe":236,"minecraft:leather_chestplate":1,"minecraft:cobblestone_slab":5,"minecraft:blue_bed":4,"minecraft:crafting_table":3,"minecraft:shears":38,"minecraft:lever":5,"minecraft:bread":35,"minecraft:string":103,"minecraft:iron_pickaxe":87,"minecraft:spruce_trapdoor":6,"minecraft:spruce_sapling":4,"minecraft:stone_axe":148,"minecraft:cobblestone":215,"minecraft:cooked_porkchop":1,"minecraft:cooked_rabbit":4,"minecraft:bucket":242},"minecraft:picked_up":{"minecraft:charcoal":1,"minecraft:crafting_table":1,"minecraft:brown_mushroom":2,"minecraft:smithing_table":3,"minecraft:cooked_rabbit":2,"minecraft:string":114,"minecraft:iron_axe":1,"minecraft:iron_shovel":1,"minecraft:bucket":4,"minecraft:spruce_planks":151,"minecraft:beef":4,"minecraft:cobblestone_slab":66,"minecraft:poppy":3,"minecraft:iron_pickaxe":2,"minecraft:spruce_trapdoor":8,"minecraft:furnace":10,"minecraft:stick":9,"minecraft:composter":2,"minecraft:torch":9,"minecraft:spruce_fence":5,"minecraft:porkchop":2,"minecraft:carrot":3,"minecraft:rotten_flesh":6,"minecraft:shears":1,"minecraft:hay_block":30,"minecraft:carved_pumpkin":1,"minecraft:cobblestone":307,"minecraft:snowball":96,"minecraft:rail":26,"minecraft:leather_chestplate":1,"minecraft:cooked_beef":4,"minecraft:water_bucket":4,"minecraft:tripwire_hook":12,"minecraft:leather":1,"minecraft:powder_snow_bucket":1,"minecraft:gunpowder":3,"minecraft:blue_bed":5,"minecraft:dirt":59,"minecraft:wheat_seeds":14,"minecraft:rabbit_hide":1,"minecraft:stone_pickaxe":4,"minecraft:iron_ingot":37,"minecraft:rabbit":2,"minecraft:fletching_table":2,"minecraft:iron_sword":1,"minecraft:dandelion":1,"minecraft:spruce_sapling":6,"minecraft:blast_furnace":1,"minecraft:spruce_log":25,"minecraft:grass_block":1,"minecraft:spider_eye":2,"minecraft:pumpkin_seeds":4,"minecraft:stone_axe":5,"minecraft:lever":5,"minecraft:short_grass":1,"minecraft:bread":150,"minecraft:coal":69}},"DataVersion":3700}