{"stats":{"minecraft:killed":{"minecraft:pig":2,"minecraft:witch":1,"minecraft:sheep":1,"minecraft:skeleton":1},"minecraft:crafted":{"minecraft:oak_slab":54,"minecraft:oak_planks":196,"minecraft:stone_shovel":5,"minecraft:cooked_porkchop":4,"minecraft:crafting_table":1,"minecraft:wooden_pickaxe":1,"minecraft:iron_sword":1,"minecraft:furnace":1,"minecraft:lever":1,"minecraft:bone_meal":3,"minecraft:bucket":1,"minecraft:stone_axe":2,"minecraft:bread":18,"minecraft:air":0,"minecraft:oak_trapdoor":6,"minecraft:iron_axe":1,"minecraft:iron_hoe":1,"minecraft:stick":52,"minecraft:iron_pickaxe":1,"minecraft:iron_ingot":3,"minecraft:stone_pickaxe":1,"minecraft:wooden_axe":1,"minecraft:chest":4,"minecraft:iron_shovel":1,"minecraft:composter":2,"minecraft:torch":16,"minecraft:stone_hoe":2,"minecraft:wheat":54},"minecraft:used":{"minecraft:oak_trapdoor":5,"minecraft:water_bucket":24,"minecraft:stone_shovel":659,"minecraft:stone_pickaxe":67,"minecraft:oak_planks":197,"minecraft:chest":5,"minecraft:wooden_pickaxe":6,"minecraft:iron_sword":15,"minecraft:composter":2,"minecraft:stone_hoe":193,"minecraft:torch":13,"minecraft:dirt":587,"minecraft:oak_slab":44,"minecraft:crafting_table":10,"minecraft:white_bed":4,"minecraft:wooden_axe":5,"minecraft:bread":7,"minecraft:birch_sapling":1,"minecraft:gravel":58,"minecraft:stone_axe":187,"minecraft:cobblestone":3,"minecraft:oak_sapling":1,"minecraft:furnace":2,"minecraft:cooked_porkchop":4,"minecraft:bucket":24,"minecraft:yellow_bed":5,"minecraft:egg":1,"minecraft:potato":16,"minecraft:bone_meal":3},"minecraft:broken":{"minecraft:stone_axe":1,"minecraft:stone_shovel":5,"minecraft:stone_hoe":1},"minecraft:mined":{"minecraft:oak_slab":3,"minecraft:white_bed":3,"minecraft:farmland":5,"minecraft:glass_pane":1,"minecraft:crafting_table":9,"minecraft:short_grass":79,"minecraft:grass_block":150,"minecraft:chest":1,"minecraft:tall_grass":5,"minecraft:cobblestone":11,"minecraft:oak_planks":117,"minecraft:wall_torch":4,"minecraft:hay_block":12,"minecraft:oak_trapdoor":2,"minecraft:furnace":1,"minecraft:iron_ore":3,"minecraft:birch_leaves":4,"minecraft:yellow_bed":8,"minecraft:potatoes":2,"minecraft:coal_ore":15,"minecraft:oak_log":50,"minecraft:dirt_path":14,"minecraft:gravel":62,"minecraft:dirt":492,"minecraft:stonecutter":2,"minecraft:stone":41,"minecraft:oak_leaves":16},"minecraft:custom":{"minecraft:interact_with_furnace":8,"minecraft:mob_kills":5,"minecraft:interact_with_crafting_table":27,"minecraft:leave_game":1,"minecraft:time_since_death":76747,"minecraft:sleep_in_bed":5,"minecraft:time_since_rest":10027,"minecraft:sprint_one_cm":146519,"minecraft:damage_taken":595,"minecraft:walk_one_cm":206214,"minecraft:drop":6,"minecraft:damage_dealt":1588,"minecraft:swim_one_cm":1997,"minecraft:fly_one_cm":217040,"minecraft:player_kills":1,"minecraft:open_chest":46,"minecraft:crouch_one_cm":24308,"minecraft:play_time":79915,"minecraft:deaths":1,"minecraft:sneak_time":6244,"minecraft:walk_under_water_one_cm":5380,"minecraft:jump":1292,"minecraft:walk_on_water_one_cm":16881,"minecraft:total_world_time":79915,"minecraft:fall_one_cm":42164},"minecraft:killed_by":{"minecraft:player":1},"minecraft:picked_up":{"minecraft:crafting_table":10,"minecraft:potato":9,"minecraft:flint":4,"minecraft:oak_log":49,"minecraft:yellow_bed":8,"minecraft:oak_trapdoor":2,"minecraft:dirt":658,"minecraft:bone":1,"minecraft:stonecutter":2,"minecraft:diamond_leggings":1,"minecraft:wheat_seeds":11,"minecraft:stone_pickaxe":1,"minecraft:iron_ingot":34,"minecraft:diamond_helmet":1,"minecraft:chest":1,"minecraft:oak_planks":117,"minecraft:birch_sapling":1,"minecraft:furnace":1,"minecraft:egg":1,"minecraft:oak_slab":4,"minecraft:stick":5,"minecraft:raw_iron":3,"minecraft:torch":5,"minecraft:gravel":58,"minecraft:porkchop":4,"minecraft:white_bed":5,"minecraft:diamond_chestplate":1,"minecraft:sugar":2,"minecraft:stone_axe":1,"minecraft:diamond_boots":1,"minecraft:hay_block":12,"minecraft:oak_sapling":1,"minecraft:mutton":2,"minecraft:coal":22,"minecraft:white_wool":1,"minecraft:cobblestone":52},"minecraft:dropped":{"minecraft:wheat_seeds":4,"minecraft:white_bed":1,"minecraft:hay_block":6}},"DataVersion":3700}