{"stats":{"minecraft:killed":{"minecraft:witch":1},"minecraft:crafted":{"minecraft:oak_planks":16,"minecraft:crafting_table":1,"minecraft:stick":12,"minecraft:wooden_pickaxe":1,"minecraft:stone_pickaxe":1,"minecraft:wooden_axe":1,"minecraft:stone_axe":1},"minecraft:used":{"minecraft:wooden_axe":5,"minecraft:stone_pickaxe":18,"minecraft:wooden_pickaxe":6,"minecraft:stone_axe":1,"minecraft:crafting_table":1,"minecraft:egg":1},"minecraft:mined":{"minecraft:crafting_table":1,"minecraft:oak_log":4,"minecraft:coal_ore":6,"minecraft:stone":18,"minecraft:oak_leaves":4},"minecraft:custom":{"minecraft:time_since_rest":2518,"minecraft:sprint_one_cm":11989,"minecraft:damage_taken":270,"minecraft:walk_one_cm":6622,"minecraft:mob_kills":1,"minecraft:damage_dealt":298,"minecraft:interact_with_crafting_table":3,"minecraft:swim_one_cm":1784,"minecraft:fly_one_cm":18383,"minecraft:player_kills":1,"minecraft:crouch_one_cm":53,"minecraft:play_time":5650,"minecraft:deaths":1,"minecraft:sneak_time":62,"minecraft:walk_under_water_one_cm":343,"minecraft:jump":97,"minecraft:time_since_death":2482,"minecraft:walk_on_water_one_cm":469,"minecraft:total_world_time":5650,"minecraft:fall_one_cm":2949},"minecraft:killed_by":{"minecraft:player":1},"minecraft:picked_up":{"minecraft:stick":4,"minecraft:crafting_table":2,"minecraft:oak_log":4,"minecraft:sugar":2,"minecraft:stone_axe":1,"minecraft:stone_pickaxe":1,"minecraft:coal":6,"minecraft:cobblestone":18,"minecraft:egg":1}},"DataVersion":3700}