{"stats":{"minecraft:killed":{"minecraft:pig":4,"minecraft:zombie_villager":1,"minecraft:iron_golem":4,"minecraft:zombie":10,"minecraft:cow":4},"minecraft:mined":{"minecraft:white_bed":2,"minecraft:brown_mushroom":1,"minecraft:spruce_planks":2,"minecraft:oak_sapling":1,"minecraft:glass_pane":2,"minecraft:mossy_cobblestone":7,"minecraft:powder_snow":34,"minecraft:crafting_table":6,"minecraft:torch":4,"minecraft:short_grass":19,"minecraft:blast_furnace":1,"minecraft:grass_block":8,"minecraft:spruce_fence":1,"minecraft:tall_grass":9,"minecraft:cobblestone":31,"minecraft:spruce_leaves":75,"minecraft:oak_planks":7,"minecraft:sugar_cane":5,"minecraft:cartography_table":1,"minecraft:wall_torch":1,"minecraft:blue_bed":8,"minecraft:large_fern":4,"minecraft:hay_block":25,"minecraft:spruce_sapling":2,"minecraft:furnace":1,"minecraft:ice":2,"minecraft:spruce_log":152,"minecraft:andesite":2,"minecraft:fletching_table":1,"minecraft:oak_log":39,"minecraft:coal_ore":45,"minecraft:dirt":15,"minecraft:stone":110,"minecraft:tripwire":8},"minecraft:custom":{"minecraft:interact_with_furnace":4,"minecraft:mob_kills":25,"minecraft:interact_with_crafting_table":18,"minecraft:leave_game":5,"minecraft:time_since_death":74723,"minecraft:sleep_in_bed":9,"minecraft:time_since_rest":2511,"minecraft:sprint_one_cm":299522,"minecraft:damage_taken":1158,"minecraft:walk_one_cm":235767,"minecraft:drop":45,"minecraft:damage_dealt":6922,"minecraft:swim_one_cm":23080,"minecraft:talked_to_villager":1,"minecraft:fly_one_cm":429245,"minecraft:open_chest":32,"minecraft:crouch_one_cm":298,"minecraft:play_time":119098,"minecraft:deaths":1,"minecraft:sneak_time":147,"minecraft:walk_under_water_one_cm":1044,"minecraft:jump":2261,"minecraft:walk_on_water_one_cm":21716,"minecraft:total_world_time":119098,"minecraft:fall_one_cm":44581},"minecraft:picked_up":{"minecraft:charcoal":2,"minecraft:crafting_table":7,"minecraft:tripwire_hook":2,"minecraft:andesite":4,"minecraft:leather_leggings":1,"minecraft:leather":3,"minecraft:brown_mushroom":8,"minecraft:powder_snow_bucket":1,"minecraft:oak_log":41,"minecraft:gunpowder":6,"minecraft:dirt":26,"minecraft:blue_bed":8,"minecraft:string":87,"minecraft:bone":2,"minecraft:bow":1,"minecraft:wheat_seeds":6,"minecraft:cartography_table":1,"minecraft:rabbit_hide":4,"minecraft:spruce_planks":34,"minecraft:iron_ingot":17,"minecraft:beef":9,"minecraft:stone_pickaxe":1,"minecraft:fletching_table":2,"minecraft:poppy":1,"minecraft:rabbit":4,"minecraft:sugar_cane":9,"minecraft:oak_planks":9,"minecraft:furnace":1,"minecraft:egg":1,"minecraft:stick":35,"minecraft:torch":5,"minecraft:spruce_fence":1,"minecraft:porkchop":11,"minecraft:spruce_sapling":42,"minecraft:blast_furnace":2,"minecraft:grass_block":1,"minecraft:white_bed":2,"minecraft:spruce_log":149,"minecraft:mossy_cobblestone":10,"minecraft:arrow":4,"minecraft:rotten_flesh":6,"minecraft:stone_axe":1,"minecraft:hay_block":34,"minecraft:oak_sapling":1,"minecraft:coal":47,"minecraft:snowball":8,"minecraft:cobblestone":161},"minecraft:crafted":{"minecraft:oak_planks":116,"minecraft:crafting_table":1,"minecraft:spruce_planks":580,"minecraft:wooden_pickaxe":1,"minecraft:fletching_table":3,"minecraft:bucket":2,"minecraft:stone_axe":3,"minecraft:bread":102,"minecraft:air":0,"minecraft:charcoal":2,"minecraft:iron_axe":1,"minecraft:stick":8,"minecraft:iron_ingot":3,"minecraft:stone_pickaxe":3,"minecraft:iron_pickaxe":2,"minecraft:chest":6,"minecraft:torch":8,"minecraft:cooked_rabbit":3,"minecraft:wheat":306},"minecraft:dropped":{"minecraft:iron_ingot":2,"minecraft:bread":37,"minecraft:stone_axe":2,"minecraft:wheat_seeds":4,"minecraft:rotten_flesh":2,"minecraft:fletching_table":1,"minecraft:spruce_fence":1,"minecraft:grass_block":1,"minecraft:blast_furnace":1,"minecraft:stick":6,"minecraft:poppy":1,"minecraft:rabbit_hide":2,"minecraft:dirt":6,"minecraft:spruce_planks":22,"minecraft:andesite":4,"minecraft:wooden_pickaxe":1,"minecraft:stone_pickaxe":3,"minecraft:string":12,"minecraft:cooked_rabbit":2,"minecraft:blue_bed":1},"minecraft:used":{"minecraft:leather_leggings":1,"minecraft:stone_pickaxe":176,"minecraft:oak_planks":73,"minecraft:chest":3,"minecraft:spruce_planks":79,"minecraft:wooden_pickaxe":10,"minecraft:blue_bed":7,"minecraft:fletching_table":1,"minecraft:rotten_flesh":4,"minecraft:torch":5,"minecraft:mossy_cobblestone":10,"minecraft:dirt":20,"minecraft:crafting_table":7,"minecraft:snowball":8,"minecraft:spruce_log":1,"minecraft:oak_log":12,"minecraft:string":62,"minecraft:iron_axe":130,"minecraft:bread":28,"minecraft:iron_pickaxe":14,"minecraft:spruce_sapling":29,"minecraft:stone_axe":170,"minecraft:tripwire_hook":2,"minecraft:cobblestone":50,"minecraft:oak_sapling":6,"minecraft:furnace":1,"minecraft:cooked_rabbit":1,"minecraft:bucket":12,"minecraft:egg":1,"minecraft:powder_snow_bucket":11}},"DataVersion":3700}