{"stats":{"minecraft:used":{"minecraft:leather_leggings":1,"minecraft:stone_pickaxe":176,"minecraft:oak_planks":72,"minecraft:chest":1,"minecraft:spruce_planks":79,"minecraft:wooden_pickaxe":10,"minecraft:fletching_table":1,"minecraft:blue_bed":5,"minecraft:rotten_flesh":4,"minecraft:torch":1,"minecraft:mossy_cobblestone":10,"minecraft:dirt":20,"minecraft:crafting_table":7,"minecraft:snowball":8,"minecraft:oak_log":12,"minecraft:string":62,"minecraft:bread":20,"minecraft:iron_pickaxe":14,"minecraft:spruce_sapling":12,"minecraft:stone_axe":170,"minecraft:tripwire_hook":2,"minecraft:cobblestone":50,"minecraft:oak_sapling":6,"minecraft:furnace":1,"minecraft:cooked_rabbit":1,"minecraft:bucket":11,"minecraft:egg":1,"minecraft:powder_snow_bucket":10},"minecraft:mined":{"minecraft:oak_sapling":1,"minecraft:glass_pane":2,"minecraft:spruce_planks":2,"minecraft:white_bed":2,"minecraft:brown_mushroom":1,"minecraft:mossy_cobblestone":7,"minecraft:powder_snow":34,"minecraft:crafting_table":6,"minecraft:short_grass":17,"minecraft:blast_furnace":1,"minecraft:grass_block":8,"minecraft:spruce_fence":1,"minecraft:tall_grass":7,"minecraft:cobblestone":31,"minecraft:oak_planks":6,"minecraft:spruce_leaves":74,"minecraft:sugar_cane":5,"minecraft:cartography_table":1,"minecraft:wall_torch":1,"minecraft:blue_bed":7,"minecraft:large_fern":4,"minecraft:hay_block":25,"minecraft:furnace":1,"minecraft:ice":2,"minecraft:spruce_log":38,"minecraft:andesite":2,"minecraft:fletching_table":1,"minecraft:oak_log":39,"minecraft:coal_ore":45,"minecraft:dirt":15,"minecraft:stone":110,"minecraft:tripwire":6},"minecraft:picked_up":{"minecraft:charcoal":2,"minecraft:crafting_table":7,"minecraft:tripwire_hook":2,"minecraft:andesite":4,"minecraft:leather_leggings":1,"minecraft:leather":3,"minecraft:brown_mushroom":8,"minecraft:powder_snow_bucket":1,"minecraft:oak_log":41,"minecraft:gunpowder":6,"minecraft:dirt":26,"minecraft:string":86,"minecraft:blue_bed":7,"minecraft:wheat_seeds":5,"minecraft:cartography_table":1,"minecraft:rabbit_hide":4,"minecraft:spruce_planks":34,"minecraft:beef":9,"minecraft:iron_ingot":14,"minecraft:stone_pickaxe":1,"minecraft:poppy":1,"minecraft:fletching_table":2,"minecraft:rabbit":4,"minecraft:sugar_cane":9,"minecraft:oak_planks":8,"minecraft:egg":1,"minecraft:furnace":1,"minecraft:stick":27,"minecraft:torch":1,"minecraft:spruce_fence":1,"minecraft:porkchop":11,"minecraft:spruce_sapling":24,"minecraft:blast_furnace":2,"minecraft:white_bed":2,"minecraft:grass_block":1,"minecraft:spruce_log":38,"minecraft:mossy_cobblestone":10,"minecraft:rotten_flesh":6,"minecraft:stone_axe":1,"minecraft:hay_block":34,"minecraft:oak_sapling":1,"minecraft:coal":47,"minecraft:snowball":8,"minecraft:cobblestone":161},"minecraft:custom":{"minecraft:interact_with_furnace":4,"minecraft:mob_kills":22,"minecraft:interact_with_crafting_table":12,"minecraft:leave_game":4,"minecraft:time_since_death":56570,"minecraft:sleep_in_bed":7,"minecraft:time_since_rest":6457,"minecraft:sprint_one_cm":253826,"minecraft:damage_taken":872,"minecraft:walk_one_cm":197844,"minecraft:drop":42,"minecraft:damage_dealt":5839,"minecraft:talked_to_villager":1,"minecraft:swim_one_cm":23080,"minecraft:fly_one_cm":361704,"minecraft:open_chest":20,"minecraft:crouch_one_cm":129,"minecraft:play_time":100945,"minecraft:deaths":1,"minecraft:sneak_time":124,"minecraft:walk_under_water_one_cm":1044,"minecraft:jump":1934,"minecraft:walk_on_water_one_cm":20676,"minecraft:total_world_time":100945,"minecraft:fall_one_cm":39863},"minecraft:dropped":{"minecraft:iron_ingot":1,"minecraft:bread":37,"minecraft:stone_axe":2,"minecraft:wheat_seeds":3,"minecraft:rotten_flesh":2,"minecraft:fletching_table":1,"minecraft:spruce_fence":1,"minecraft:grass_block":1,"minecraft:blast_furnace":1,"minecraft:stick":6,"minecraft:poppy":1,"minecraft:rabbit_hide":2,"minecraft:dirt":6,"minecraft:spruce_planks":22,"minecraft:andesite":4,"minecraft:stone_pickaxe":3,"minecraft:wooden_pickaxe":1,"minecraft:string":11,"minecraft:cooked_rabbit":2,"minecraft:blue_bed":1},"minecraft:crafted":{"minecraft:oak_planks":116,"minecraft:crafting_table":1,"minecraft:spruce_planks":112,"minecraft:wooden_pickaxe":1,"minecraft:fletching_table":3,"minecraft:bucket":1,"minecraft:stone_axe":3,"minecraft:bread":102,"minecraft:air":0,"minecraft:charcoal":2,"minecraft:iron_axe":1,"minecraft:stick":8,"minecraft:iron_ingot":3,"minecraft:iron_pickaxe":1,"minecraft:stone_pickaxe":3,"minecraft:chest":4,"minecraft:torch":8,"minecraft:cooked_rabbit":3,"minecraft:wheat":306},"minecraft:killed":{"minecraft:pig":4,"minecraft:zombie_villager":1,"minecraft:iron_golem":3,"minecraft:zombie":10,"minecraft:cow":4}},"DataVersion":3700}