{"stats":{"minecraft:killed":{"minecraft:iron_golem":1,"minecraft:cow":3},"minecraft:crafted":{"minecraft:oak_planks":152,"minecraft:smooth_stone":3,"minecraft:diamond_hoe":1,"minecraft:furnace":2,"minecraft:blast_furnace":1,"minecraft:stone":3,"minecraft:diamond_shovel":1,"minecraft:diamond_helmet":2,"minecraft:diamond_leggings":2,"minecraft:stone_pickaxe":2,"minecraft:chest":8,"minecraft:diamond_boots":2,"minecraft:wheat":225,"minecraft:diamond_sword":1,"minecraft:diamond_axe":1,"minecraft:crafting_table":4,"minecraft:stone_axe":1,"minecraft:bread":75,"minecraft:air":0,"minecraft:diamond_pickaxe":1,"minecraft:stick":24,"minecraft:iron_pickaxe":3,"minecraft:iron_ingot":81,"minecraft:acacia_planks":24,"minecraft:torch":24,"minecraft:diamond_chestplate":2},"minecraft:used":{"minecraft:diamond_hoe":526,"minecraft:chest":10,"minecraft:spruce_planks":29,"minecraft:torch":8,"minecraft:dirt":64,"minecraft:granite":37,"minecraft:wooden_axe":4,"minecraft:furnace":2,"minecraft:egg":1,"minecraft:diorite":18,"minecraft:stone_pickaxe":208,"minecraft:oak_planks":14,"minecraft:wooden_pickaxe":7,"minecraft:diamond_axe":140,"minecraft:crafting_table":12,"minecraft:blast_furnace":2,"minecraft:white_bed":9,"minecraft:shears":6,"minecraft:diamond_pickaxe":23,"minecraft:diamond_shovel":299,"minecraft:bread":20,"minecraft:string":38,"minecraft:iron_pickaxe":694,"minecraft:spruce_sapling":28,"minecraft:gravel":19,"minecraft:stone_axe":6,"minecraft:diamond_sword":9,"minecraft:cobblestone":21,"minecraft:andesite":16},"minecraft:broken":{"minecraft:stone_pickaxe":1,"minecraft:iron_pickaxe":2},"minecraft:mined":{"minecraft:tuff":73,"minecraft:spruce_planks":1,"minecraft:white_bed":11,"minecraft:deepslate_diamond_ore":85,"minecraft:granite":38,"minecraft:acacia_log":6,"minecraft:grass_block":54,"minecraft:spruce_leaves":524,"minecraft:hay_block":19,"minecraft:furnace":1,"minecraft:iron_ore":69,"minecraft:andesite":16,"minecraft:deepslate_lapis_ore":4,"minecraft:deepslate_iron_ore":16,"minecraft:dirt_path":2,"minecraft:stripped_oak_log":8,"minecraft:stone":222,"minecraft:tripwire":17,"minecraft:deepslate_redstone_ore":8,"minecraft:crafting_table":9,"minecraft:clay":4,"minecraft:short_grass":141,"minecraft:blast_furnace":1,"minecraft:chest":2,"minecraft:tall_grass":18,"minecraft:cobblestone":25,"minecraft:sugar_cane":11,"minecraft:oak_planks":1,"minecraft:diorite":30,"minecraft:wall_torch":2,"minecraft:spruce_log":89,"minecraft:birch_leaves":8,"minecraft:coal_ore":47,"minecraft:oak_log":30,"minecraft:dirt":323,"minecraft:gravel":25,"minecraft:oak_leaves":24,"minecraft:deepslate":273},"minecraft:custom":{"minecraft:mob_kills":4,"minecraft:interact_with_crafting_table":22,"minecraft:leave_game":4,"minecraft:time_since_death":135757,"minecraft:climb_one_cm":544,"minecraft:sprint_one_cm":281519,"minecraft:walk_one_cm":225598,"minecraft:drop":64,"minecraft:talked_to_villager":1,"minecraft:play_time":144174,"minecraft:deaths":1,"minecraft:sneak_time":578,"minecraft:walk_under_water_one_cm":3465,"minecraft:jump":1986,"minecraft:interact_with_blast_furnace":12,"minecraft:walk_on_water_one_cm":22661,"minecraft:total_world_time":144174,"minecraft:interact_with_furnace":17,"minecraft:sleep_in_bed":9,"minecraft:time_since_rest":7715,"minecraft:damage_taken":537,"minecraft:damage_dealt":606,"minecraft:swim_one_cm":60100,"minecraft:fly_one_cm":365372,"minecraft:player_kills":1,"minecraft:open_chest":24,"minecraft:crouch_one_cm":1406,"minecraft:fall_one_cm":34190},"minecraft:killed_by":{"minecraft:player":1},"minecraft:picked_up":{"minecraft:wooden_axe":1,"minecraft:crafting_table":9,"minecraft:clay_ball":16,"minecraft:wooden_pickaxe":1,"minecraft:string":66,"minecraft:cobbled_deepslate":521,"minecraft:spruce_planks":65,"minecraft:beef":6,"minecraft:sugar_cane":24,"minecraft:chest":2,"minecraft:egg":1,"minecraft:furnace":1,"minecraft:stick":23,"minecraft:raw_iron":85,"minecraft:torch":6,"minecraft:acacia_log":6,"minecraft:diorite":30,"minecraft:redstone":74,"minecraft:shears":1,"minecraft:hay_block":25,"minecraft:cobblestone":371,"minecraft:stripped_oak_log":8,"minecraft:andesite":16,"minecraft:leather":4,"minecraft:flint":5,"minecraft:tuff":137,"minecraft:oak_log":31,"minecraft:lapis_lazuli":54,"minecraft:dirt":361,"minecraft:acacia_planks":4,"minecraft:wheat_seeds":19,"minecraft:iron_ingot":51,"minecraft:oak_planks":1,"minecraft:gravel":19,"minecraft:spruce_sapling":31,"minecraft:blast_furnace":1,"minecraft:white_bed":13,"minecraft:spruce_log":89,"minecraft:diamond":85,"minecraft:stone_axe":1,"minecraft:granite":38,"minecraft:bread":4,"minecraft:oak_sapling":8,"minecraft:coal":98},"minecraft:dropped":{"minecraft:iron_ingot":34,"minecraft:bread":21,"minecraft:wheat_seeds":17,"minecraft:oak_log":1,"minecraft:diamond_leggings":1,"minecraft:cobblestone":11,"minecraft:granite":1,"minecraft:stick":1,"minecraft:flint":1,"minecraft:dirt":2,"minecraft:diorite":12,"minecraft:wooden_axe":1,"minecraft:diamond_helmet":1,"minecraft:string":4,"minecraft:spruce_sapling":2,"minecraft:stone_axe":2,"minecraft:cobbled_deepslate":129,"minecraft:tuff":137,"minecraft:clay_ball":16,"minecraft:white_bed":3,"minecraft:shears":1,"minecraft:diamond_chestplate":1,"minecraft:diamond_boots":1,"minecraft:stone_pickaxe":1,"minecraft:wooden_pickaxe":1}},"DataVersion":3700}