{"stats":{"minecraft:killed":{"minecraft:iron_golem":1},"minecraft:crafted":{"minecraft:smooth_stone":3,"minecraft:diamond_sword":1,"minecraft:diamond_axe":1,"minecraft:crafting_table":3,"minecraft:furnace":2,"minecraft:blast_furnace":1,"minecraft:stone":3,"minecraft:stone_axe":1,"minecraft:bread":75,"minecraft:air":0,"minecraft:diamond_helmet":2,"minecraft:diamond_leggings":2,"minecraft:diamond_pickaxe":1,"minecraft:stick":24,"minecraft:iron_ingot":81,"minecraft:iron_pickaxe":3,"minecraft:stone_pickaxe":2,"minecraft:diamond_boots":2,"minecraft:acacia_planks":24,"minecraft:torch":24,"minecraft:diamond_chestplate":2,"minecraft:wheat":225},"minecraft:used":{"minecraft:diorite":18,"minecraft:stone_pickaxe":208,"minecraft:wooden_pickaxe":7,"minecraft:diamond_axe":3,"minecraft:torch":4,"minecraft:dirt":57,"minecraft:crafting_table":6,"minecraft:blast_furnace":1,"minecraft:white_bed":4,"minecraft:granite":37,"minecraft:wooden_axe":4,"minecraft:bread":5,"minecraft:iron_pickaxe":687,"minecraft:gravel":8,"minecraft:stone_axe":6,"minecraft:cobblestone":21,"minecraft:furnace":1,"minecraft:andesite":16,"minecraft:egg":1},"minecraft:broken":{"minecraft:stone_pickaxe":1,"minecraft:iron_pickaxe":2},"minecraft:mined":{"minecraft:deepslate_redstone_ore":8,"minecraft:tuff":73,"minecraft:white_bed":6,"minecraft:deepslate_diamond_ore":85,"minecraft:clay":4,"minecraft:crafting_table":6,"minecraft:granite":38,"minecraft:short_grass":5,"minecraft:blast_furnace":1,"minecraft:acacia_log":6,"minecraft:grass_block":21,"minecraft:cobblestone":25,"minecraft:diorite":30,"minecraft:wall_torch":2,"minecraft:hay_block":19,"minecraft:furnace":1,"minecraft:iron_ore":69,"minecraft:andesite":16,"minecraft:deepslate_lapis_ore":4,"minecraft:coal_ore":45,"minecraft:deepslate_iron_ore":16,"minecraft:gravel":9,"minecraft:dirt":37,"minecraft:stone":210,"minecraft:oak_leaves":3,"minecraft:deepslate":273},"minecraft:custom":{"minecraft:interact_with_furnace":15,"minecraft:mob_kills":1,"minecraft:interact_with_crafting_table":17,"minecraft:leave_game":2,"minecraft:time_since_death":62157,"minecraft:sleep_in_bed":4,"minecraft:climb_one_cm":544,"minecraft:time_since_rest":10117,"minecraft:sprint_one_cm":79861,"minecraft:damage_taken":315,"minecraft:walk_one_cm":89739,"minecraft:drop":29,"minecraft:damage_dealt":210,"minecraft:swim_one_cm":9370,"minecraft:fly_one_cm":86926,"minecraft:player_kills":1,"minecraft:open_chest":2,"minecraft:crouch_one_cm":769,"minecraft:play_time":70574,"minecraft:deaths":1,"minecraft:sneak_time":377,"minecraft:walk_under_water_one_cm":161,"minecraft:jump":712,"minecraft:interact_with_blast_furnace":11,"minecraft:walk_on_water_one_cm":968,"minecraft:total_world_time":70574,"minecraft:fall_one_cm":9902},"minecraft:killed_by":{"minecraft:player":1},"minecraft:picked_up":{"minecraft:wooden_axe":1,"minecraft:crafting_table":6,"minecraft:clay_ball":16,"minecraft:andesite":16,"minecraft:wooden_pickaxe":1,"minecraft:flint":1,"minecraft:tuff":137,"minecraft:lapis_lazuli":27,"minecraft:dirt":58,"minecraft:acacia_planks":4,"minecraft:wheat_seeds":2,"minecraft:cobbled_deepslate":329,"minecraft:iron_ingot":9,"minecraft:furnace":1,"minecraft:egg":1,"minecraft:raw_iron":85,"minecraft:torch":2,"minecraft:acacia_log":6,"minecraft:gravel":8,"minecraft:blast_furnace":1,"minecraft:diorite":30,"minecraft:white_bed":8,"minecraft:redstone":37,"minecraft:diamond":85,"minecraft:stone_axe":1,"minecraft:hay_block":25,"minecraft:granite":38,"minecraft:oak_sapling":1,"minecraft:coal":69,"minecraft:cobblestone":233},"minecraft:dropped":{"minecraft:bread":7,"minecraft:iron_ingot":2,"minecraft:stone_axe":2,"minecraft:wheat_seeds":2,"minecraft:cobbled_deepslate":129,"minecraft:tuff":137,"minecraft:cobblestone":11,"minecraft:clay_ball":16,"minecraft:granite":1,"minecraft:white_bed":3,"minecraft:stick":1,"minecraft:flint":1,"minecraft:dirt":1,"minecraft:diorite":12,"minecraft:wooden_axe":1,"minecraft:stone_pickaxe":1,"minecraft:wooden_pickaxe":1}},"DataVersion":3700}