{"stats":{"minecraft:killed":{"minecraft:iron_golem":1},"minecraft:crafted":{"minecraft:crafting_table":3,"minecraft:furnace":1,"minecraft:stone_axe":1,"minecraft:bread":18,"minecraft:air":0,"minecraft:stick":24,"minecraft:iron_ingot":6,"minecraft:iron_pickaxe":3,"minecraft:stone_pickaxe":2,"minecraft:acacia_planks":24,"minecraft:torch":24,"minecraft:wheat":54},"minecraft:used":{"minecraft:stone_pickaxe":208,"minecraft:wooden_pickaxe":7,"minecraft:torch":4,"minecraft:dirt":21,"minecraft:crafting_table":5,"minecraft:white_bed":2,"minecraft:granite":10,"minecraft:wooden_axe":4,"minecraft:bread":3,"minecraft:iron_pickaxe":346,"minecraft:stone_axe":6,"minecraft:cobblestone":1,"minecraft:furnace":1,"minecraft:egg":1},"minecraft:broken":{"minecraft:stone_pickaxe":1,"minecraft:iron_pickaxe":1},"minecraft:mined":{"minecraft:tuff":28,"minecraft:white_bed":4,"minecraft:deepslate_diamond_ore":39,"minecraft:clay":4,"minecraft:crafting_table":3,"minecraft:granite":34,"minecraft:short_grass":5,"minecraft:acacia_log":6,"minecraft:grass_block":21,"minecraft:cobblestone":18,"minecraft:diorite":28,"minecraft:hay_block":19,"minecraft:iron_ore":69,"minecraft:andesite":16,"minecraft:coal_ore":45,"minecraft:gravel":9,"minecraft:dirt":26,"minecraft:stone":198,"minecraft:oak_leaves":3,"minecraft:deepslate":78},"minecraft:custom":{"minecraft:interact_with_furnace":8,"minecraft:mob_kills":1,"minecraft:interact_with_crafting_table":8,"minecraft:leave_game":2,"minecraft:time_since_death":38157,"minecraft:sleep_in_bed":2,"minecraft:climb_one_cm":544,"minecraft:time_since_rest":12047,"minecraft:sprint_one_cm":65889,"minecraft:damage_taken":265,"minecraft:walk_one_cm":56476,"minecraft:drop":10,"minecraft:damage_dealt":210,"minecraft:swim_one_cm":2253,"minecraft:fly_one_cm":81616,"minecraft:player_kills":1,"minecraft:open_chest":2,"minecraft:crouch_one_cm":161,"minecraft:play_time":46574,"minecraft:deaths":1,"minecraft:sneak_time":139,"minecraft:walk_under_water_one_cm":94,"minecraft:jump":426,"minecraft:walk_on_water_one_cm":801,"minecraft:total_world_time":46574,"minecraft:fall_one_cm":8308},"minecraft:killed_by":{"minecraft:player":1},"minecraft:picked_up":{"minecraft:wooden_axe":1,"minecraft:crafting_table":3,"minecraft:clay_ball":16,"minecraft:andesite":16,"minecraft:wooden_pickaxe":1,"minecraft:flint":1,"minecraft:tuff":28,"minecraft:dirt":47,"minecraft:acacia_planks":4,"minecraft:wheat_seeds":2,"minecraft:cobbled_deepslate":78,"minecraft:iron_ingot":5,"minecraft:egg":1,"minecraft:raw_iron":69,"minecraft:acacia_log":6,"minecraft:gravel":8,"minecraft:diorite":28,"minecraft:white_bed":6,"minecraft:diamond":38,"minecraft:hay_block":25,"minecraft:granite":34,"minecraft:oak_sapling":1,"minecraft:coal":44,"minecraft:cobblestone":216},"minecraft:dropped":{"minecraft:iron_ingot":2,"minecraft:wheat_seeds":2,"minecraft:white_bed":3,"minecraft:dirt":1,"minecraft:wooden_axe":1,"minecraft:wooden_pickaxe":1}},"DataVersion":3700}