{"stats":{"minecraft:crafted":{"minecraft:acacia_planks":24,"minecraft:stone_axe":1,"minecraft:crafting_table":2,"minecraft:stick":8,"minecraft:stone_pickaxe":1},"minecraft:used":{"minecraft:stone_axe":1,"minecraft:wooden_axe":4,"minecraft:cobblestone":1,"minecraft:crafting_table":1,"minecraft:egg":1,"minecraft:wooden_pickaxe":7},"minecraft:mined":{"minecraft:acacia_log":6,"minecraft:cobblestone":1,"minecraft:stone":6,"minecraft:crafting_table":1},"minecraft:custom":{"minecraft:time_since_rest":2334,"minecraft:sprint_one_cm":13896,"minecraft:play_time":10722,"minecraft:walk_one_cm":6582,"minecraft:damage_taken":245,"minecraft:deaths":1,"minecraft:walk_under_water_one_cm":94,"minecraft:drop":2,"minecraft:jump":88,"minecraft:walk_on_water_one_cm":424,"minecraft:damage_dealt":20,"minecraft:leave_game":1,"minecraft:time_since_death":2305,"minecraft:total_world_time":10722,"minecraft:swim_one_cm":2253,"minecraft:interact_with_crafting_table":1,"minecraft:fall_one_cm":1674,"minecraft:fly_one_cm":16383,"minecraft:player_kills":1},"minecraft:killed_by":{"minecraft:player":1},"minecraft:picked_up":{"minecraft:wooden_axe":1,"minecraft:crafting_table":1,"minecraft:acacia_planks":4,"minecraft:acacia_log":6,"minecraft:wooden_pickaxe":1,"minecraft:cobblestone":7,"minecraft:egg":1},"minecraft:dropped":{"minecraft:wooden_pickaxe":1,"minecraft:wooden_axe":1}},"DataVersion":3700}