{"stats":{"minecraft:killed":{"minecraft:iron_golem":1},"minecraft:crafted":{"minecraft:smooth_stone":3,"minecraft:oak_planks":32,"minecraft:diamond_sword":1,"minecraft:diamond_axe":1,"minecraft:crafting_table":3,"minecraft:furnace":2,"minecraft:blast_furnace":1,"minecraft:stone":3,"minecraft:stone_axe":1,"minecraft:bread":75,"minecraft:air":0,"minecraft:diamond_helmet":2,"minecraft:diamond_leggings":2,"minecraft:diamond_pickaxe":1,"minecraft:stick":24,"minecraft:iron_ingot":81,"minecraft:iron_pickaxe":3,"minecraft:stone_pickaxe":2,"minecraft:chest":4,"minecraft:diamond_boots":2,"minecraft:acacia_planks":24,"minecraft:torch":24,"minecraft:diamond_chestplate":2,"minecraft:wheat":225},"minecraft:used":{"minecraft:diorite":18,"minecraft:stone_pickaxe":208,"minecraft:chest":6,"minecraft:wooden_pickaxe":7,"minecraft:diamond_axe":48,"minecraft:torch":4,"minecraft:dirt":59,"minecraft:crafting_table":10,"minecraft:blast_furnace":2,"minecraft:white_bed":5,"minecraft:granite":37,"minecraft:wooden_axe":4,"minecraft:bread":8,"minecraft:iron_pickaxe":689,"minecraft:gravel":8,"minecraft:stone_axe":6,"minecraft:cobblestone":21,"minecraft:furnace":2,"minecraft:andesite":16,"minecraft:egg":1},"minecraft:broken":{"minecraft:stone_pickaxe":1,"minecraft:iron_pickaxe":2},"minecraft:mined":{"minecraft:deepslate_redstone_ore":8,"minecraft:tuff":73,"minecraft:white_bed":7,"minecraft:deepslate_diamond_ore":85,"minecraft:clay":4,"minecraft:crafting_table":8,"minecraft:granite":38,"minecraft:short_grass":56,"minecraft:blast_furnace":1,"minecraft:acacia_log":6,"minecraft:grass_block":24,"minecraft:chest":2,"minecraft:tall_grass":14,"minecraft:cobblestone":25,"minecraft:sugar_cane":10,"minecraft:diorite":30,"minecraft:wall_torch":2,"minecraft:hay_block":19,"minecraft:furnace":1,"minecraft:iron_ore":69,"minecraft:andesite":16,"minecraft:deepslate_lapis_ore":4,"minecraft:oak_log":30,"minecraft:coal_ore":47,"minecraft:deepslate_iron_ore":16,"minecraft:gravel":9,"minecraft:dirt":38,"minecraft:stripped_oak_log":8,"minecraft:stone":210,"minecraft:oak_leaves":21,"minecraft:deepslate":273},"minecraft:custom":{"minecraft:interact_with_furnace":17,"minecraft:mob_kills":1,"minecraft:interact_with_crafting_table":19,"minecraft:leave_game":4,"minecraft:time_since_death":77284,"minecraft:sleep_in_bed":5,"minecraft:climb_one_cm":544,"minecraft:time_since_rest":10889,"minecraft:sprint_one_cm":126813,"minecraft:damage_taken":335,"minecraft:walk_one_cm":113478,"minecraft:drop":41,"minecraft:damage_dealt":220,"minecraft:player_kills":1,"minecraft:swim_one_cm":13765,"minecraft:fly_one_cm":168025,"minecraft:open_chest":13,"minecraft:crouch_one_cm":769,"minecraft:play_time":85701,"minecraft:deaths":1,"minecraft:sneak_time":394,"minecraft:walk_under_water_one_cm":486,"minecraft:jump":1006,"minecraft:interact_with_blast_furnace":12,"minecraft:walk_on_water_one_cm":2561,"minecraft:total_world_time":85701,"minecraft:fall_one_cm":16692},"minecraft:killed_by":{"minecraft:player":1},"minecraft:picked_up":{"minecraft:wooden_axe":1,"minecraft:crafting_table":8,"minecraft:clay_ball":16,"minecraft:andesite":16,"minecraft:wooden_pickaxe":1,"minecraft:flint":1,"minecraft:tuff":137,"minecraft:oak_log":31,"minecraft:lapis_lazuli":54,"minecraft:dirt":60,"minecraft:acacia_planks":4,"minecraft:wheat_seeds":9,"minecraft:cobbled_deepslate":521,"minecraft:iron_ingot":51,"minecraft:sugar_cane":21,"minecraft:chest":2,"minecraft:furnace":1,"minecraft:egg":1,"minecraft:stick":2,"minecraft:raw_iron":85,"minecraft:torch":4,"minecraft:acacia_log":6,"minecraft:gravel":8,"minecraft:blast_furnace":1,"minecraft:diorite":30,"minecraft:white_bed":9,"minecraft:redstone":74,"minecraft:diamond":85,"minecraft:stone_axe":1,"minecraft:hay_block":25,"minecraft:granite":38,"minecraft:oak_sapling":8,"minecraft:coal":98,"minecraft:cobblestone":359,"minecraft:stripped_oak_log":8},"minecraft:dropped":{"minecraft:iron_ingot":34,"minecraft:bread":7,"minecraft:stone_axe":2,"minecraft:wheat_seeds":8,"minecraft:oak_log":1,"minecraft:cobbled_deepslate":129,"minecraft:tuff":137,"minecraft:diamond_leggings":1,"minecraft:cobblestone":11,"minecraft:clay_ball":16,"minecraft:granite":1,"minecraft:white_bed":3,"minecraft:flint":1,"minecraft:stick":1,"minecraft:dirt":1,"minecraft:diorite":12,"minecraft:diamond_chestplate":1,"minecraft:wooden_axe":1,"minecraft:diamond_helmet":1,"minecraft:diamond_boots":1,"minecraft:wooden_pickaxe":1,"minecraft:stone_pickaxe":1}},"DataVersion":3700}