{"stats":{"minecraft:killed":{"minecraft:iron_golem":1,"minecraft:cow":3},"minecraft:crafted":{"minecraft:smooth_stone":3,"minecraft:oak_planks":152,"minecraft:diamond_sword":1,"minecraft:diamond_axe":1,"minecraft:crafting_table":4,"minecraft:diamond_hoe":1,"minecraft:furnace":2,"minecraft:blast_furnace":1,"minecraft:stone":3,"minecraft:stone_axe":1,"minecraft:bread":75,"minecraft:air":0,"minecraft:diamond_helmet":2,"minecraft:diamond_leggings":2,"minecraft:diamond_pickaxe":1,"minecraft:stick":24,"minecraft:iron_ingot":81,"minecraft:iron_pickaxe":3,"minecraft:stone_pickaxe":2,"minecraft:chest":4,"minecraft:diamond_boots":2,"minecraft:acacia_planks":24,"minecraft:torch":24,"minecraft:diamond_chestplate":2,"minecraft:wheat":225},"minecraft:used":{"minecraft:diorite":18,"minecraft:stone_pickaxe":208,"minecraft:diamond_hoe":525,"minecraft:chest":6,"minecraft:wooden_pickaxe":7,"minecraft:diamond_axe":138,"minecraft:torch":4,"minecraft:dirt":60,"minecraft:crafting_table":11,"minecraft:blast_furnace":2,"minecraft:white_bed":8,"minecraft:shears":6,"minecraft:granite":37,"minecraft:wooden_axe":4,"minecraft:bread":16,"minecraft:string":32,"minecraft:iron_pickaxe":689,"minecraft:spruce_sapling":28,"minecraft:gravel":8,"minecraft:stone_axe":6,"minecraft:diamond_sword":5,"minecraft:cobblestone":21,"minecraft:furnace":2,"minecraft:andesite":16,"minecraft:egg":1},"minecraft:broken":{"minecraft:stone_pickaxe":1,"minecraft:iron_pickaxe":2},"minecraft:mined":{"minecraft:deepslate_redstone_ore":8,"minecraft:tuff":73,"minecraft:white_bed":10,"minecraft:deepslate_diamond_ore":85,"minecraft:clay":4,"minecraft:crafting_table":9,"minecraft:granite":38,"minecraft:short_grass":127,"minecraft:blast_furnace":1,"minecraft:acacia_log":6,"minecraft:grass_block":26,"minecraft:chest":2,"minecraft:tall_grass":15,"minecraft:cobblestone":25,"minecraft:spruce_leaves":524,"minecraft:sugar_cane":11,"minecraft:diorite":30,"minecraft:wall_torch":2,"minecraft:hay_block":19,"minecraft:furnace":1,"minecraft:iron_ore":69,"minecraft:spruce_log":89,"minecraft:birch_leaves":8,"minecraft:andesite":16,"minecraft:deepslate_lapis_ore":4,"minecraft:oak_log":30,"minecraft:coal_ore":47,"minecraft:deepslate_iron_ore":16,"minecraft:gravel":9,"minecraft:dirt":38,"minecraft:stripped_oak_log":8,"minecraft:stone":210,"minecraft:oak_leaves":24,"minecraft:tripwire":14,"minecraft:deepslate":273},"minecraft:custom":{"minecraft:interact_with_furnace":17,"minecraft:mob_kills":4,"minecraft:interact_with_crafting_table":20,"minecraft:leave_game":4,"minecraft:time_since_death":119604,"minecraft:sleep_in_bed":8,"minecraft:climb_one_cm":544,"minecraft:time_since_rest":4845,"minecraft:sprint_one_cm":247831,"minecraft:damage_taken":436,"minecraft:walk_one_cm":169732,"minecraft:drop":47,"minecraft:damage_dealt":544,"minecraft:player_kills":1,"minecraft:swim_one_cm":49832,"minecraft:fly_one_cm":321853,"minecraft:open_chest":21,"minecraft:crouch_one_cm":1001,"minecraft:play_time":128021,"minecraft:deaths":1,"minecraft:sneak_time":473,"minecraft:walk_under_water_one_cm":2347,"minecraft:jump":1736,"minecraft:interact_with_blast_furnace":12,"minecraft:walk_on_water_one_cm":19789,"minecraft:total_world_time":128021,"minecraft:fall_one_cm":29170},"minecraft:killed_by":{"minecraft:player":1},"minecraft:picked_up":{"minecraft:wooden_axe":1,"minecraft:crafting_table":9,"minecraft:clay_ball":16,"minecraft:andesite":16,"minecraft:leather":4,"minecraft:wooden_pickaxe":1,"minecraft:flint":1,"minecraft:tuff":137,"minecraft:oak_log":31,"minecraft:lapis_lazuli":54,"minecraft:string":59,"minecraft:dirt":62,"minecraft:acacia_planks":4,"minecraft:wheat_seeds":17,"minecraft:cobbled_deepslate":521,"minecraft:beef":6,"minecraft:iron_ingot":51,"minecraft:sugar_cane":24,"minecraft:chest":2,"minecraft:furnace":1,"minecraft:egg":1,"minecraft:stick":23,"minecraft:raw_iron":85,"minecraft:torch":4,"minecraft:acacia_log":6,"minecraft:gravel":8,"minecraft:spruce_sapling":30,"minecraft:blast_furnace":1,"minecraft:diorite":30,"minecraft:white_bed":12,"minecraft:spruce_log":89,"minecraft:redstone":74,"minecraft:diamond":85,"minecraft:stone_axe":1,"minecraft:shears":1,"minecraft:hay_block":25,"minecraft:granite":38,"minecraft:oak_sapling":8,"minecraft:coal":98,"minecraft:cobblestone":359,"minecraft:stripped_oak_log":8},"minecraft:dropped":{"minecraft:iron_ingot":34,"minecraft:bread":7,"minecraft:stone_axe":2,"minecraft:wheat_seeds":16,"minecraft:oak_log":1,"minecraft:cobbled_deepslate":129,"minecraft:tuff":137,"minecraft:diamond_leggings":1,"minecraft:cobblestone":11,"minecraft:clay_ball":16,"minecraft:granite":1,"minecraft:white_bed":3,"minecraft:shears":1,"minecraft:flint":1,"minecraft:stick":1,"minecraft:dirt":2,"minecraft:diorite":12,"minecraft:diamond_chestplate":1,"minecraft:wooden_axe":1,"minecraft:diamond_helmet":1,"minecraft:diamond_boots":1,"minecraft:wooden_pickaxe":1,"minecraft:stone_pickaxe":1}},"DataVersion":3700}