{"stats":{"minecraft:killed":{"minecraft:spider":3,"minecraft:skeleton":1,"minecraft:pig":4,"minecraft:zombie_villager":1,"minecraft:iron_golem":28,"minecraft:creeper":3,"minecraft:trader_llama":4,"minecraft:pillager":1,"minecraft:zombie":13,"minecraft:villager":2,"minecraft:cow":4},"minecraft:custom":{"minecraft:mob_kills":67,"minecraft:animals_bred":56,"minecraft:interact_with_crafting_table":71,"minecraft:bell_ring":13,"minecraft:leave_game":37,"minecraft:time_since_death":74226,"minecraft:sprint_one_cm":1014909,"minecraft:walk_one_cm":1855091,"minecraft:drop":143,"minecraft:talked_to_villager":28,"minecraft:play_time":634907,"minecraft:deaths":3,"minecraft:sneak_time":4217,"minecraft:walk_under_water_one_cm":15462,"minecraft:jump":7735,"minecraft:interact_with_blast_furnace":5,"minecraft:walk_on_water_one_cm":98257,"minecraft:total_world_time":634907,"minecraft:interact_with_furnace":17,"minecraft:traded_with_villager":65,"minecraft:interact_with_stonecutter":5,"minecraft:sleep_in_bed":47,"minecraft:time_since_rest":4144,"minecraft:damage_taken":2670,"minecraft:damage_dealt":34077,"minecraft:player_kills":1,"minecraft:swim_one_cm":30737,"minecraft:fly_one_cm":1432574,"minecraft:open_chest":376,"minecraft:crouch_one_cm":14074,"minecraft:interact_with_smoker":2,"minecraft:fall_one_cm":104281},"minecraft:broken":{"minecraft:iron_shovel":2,"minecraft:stone_pickaxe":7,"minecraft:iron_axe":6,"minecraft:iron_pickaxe":2},"minecraft:mined":{"minecraft:white_bed":12,"minecraft:spruce_planks":165,"minecraft:oak_sapling":1,"minecraft:mossy_cobblestone":7,"minecraft:spruce_trapdoor":8,"minecraft:granite":484,"minecraft:spruce_fence":1,"minecraft:grass_block":685,"minecraft:spruce_leaves":75,"minecraft:cartography_table":1,"minecraft:oxeye_daisy":3,"minecraft:large_fern":4,"minecraft:hay_block":35,"minecraft:oak_trapdoor":16,"minecraft:carrots":150,"minecraft:spruce_sapling":13,"minecraft:furnace":1,"minecraft:andesite":50,"minecraft:stripped_spruce_log":2,"minecraft:pumpkin":13,"minecraft:fletching_table":2,"minecraft:azure_bluet":1,"minecraft:potatoes":116,"minecraft:cobblestone_slab":12,"minecraft:rail":43,"minecraft:stone":983,"minecraft:spruce_slab":63,"minecraft:tripwire":8,"minecraft:brown_mushroom":1,"minecraft:glass_pane":2,"minecraft:smoker":2,"minecraft:dandelion":27,"minecraft:powder_snow":34,"minecraft:oak_fence":38,"minecraft:cornflower":2,"minecraft:crafting_table":6,"minecraft:torch":39,"minecraft:short_grass":457,"minecraft:blast_furnace":2,"minecraft:poppy":3,"minecraft:chest":1,"minecraft:tall_grass":26,"minecraft:cobblestone":95,"minecraft:lapis_ore":2,"minecraft:oak_planks":16,"minecraft:sugar_cane":70,"minecraft:blue_bed":38,"minecraft:wall_torch":17,"minecraft:yellow_wool":2,"minecraft:ice":2,"minecraft:wheat":175,"minecraft:spruce_log":553,"minecraft:stripped_oak_wood":1,"minecraft:yellow_bed":9,"minecraft:coal_ore":71,"minecraft:oak_log":71,"minecraft:beetroots":1,"minecraft:oak_fence_gate":2,"minecraft:gravel":80,"minecraft:dirt":246,"minecraft:spruce_fence_gate":1,"minecraft:oak_leaves":4},"minecraft:dropped":{"minecraft:stone_hoe":1,"minecraft:iron_ingot":4,"minecraft:bread":47,"minecraft:wheat_seeds":128,"minecraft:cooked_beef":4,"minecraft:poisonous_potato":4,"minecraft:oak_fence":9,"minecraft:cobblestone":3,"minecraft:granite":35,"minecraft:fletching_table":1,"minecraft:grass_block":1,"minecraft:stick":6,"minecraft:dirt":45,"minecraft:iron_axe":1,"minecraft:stripped_oak_wood":1,"minecraft:string":13,"minecraft:white_wool":1,"minecraft:bucket":2,"minecraft:blue_bed":2,"minecraft:dandelion":5,"minecraft:gravel":3,"minecraft:stone_axe":3,"minecraft:wheat":2,"minecraft:beetroot":1,"minecraft:rotten_flesh":2,"minecraft:oak_planks":9,"minecraft:azure_bluet":1,"minecraft:spruce_fence":1,"minecraft:carrot":78,"minecraft:blast_furnace":1,"minecraft:filled_map":1,"minecraft:poppy":15,"minecraft:rabbit_hide":2,"minecraft:leather_chestplate":2,"minecraft:cobblestone_slab":128,"minecraft:potato":75,"minecraft:spruce_trapdoor":1,"minecraft:spruce_planks":24,"minecraft:beetroot_seeds":3,"minecraft:andesite":20,"minecraft:oak_sapling":1,"minecraft:spruce_slab":22,"minecraft:stone_pickaxe":3,"minecraft:wooden_pickaxe":1,"minecraft:cooked_rabbit":2,"minecraft:egg":2},"minecraft:killed_by":{"minecraft:player":1,"minecraft:zombie":1},"minecraft:crafted":{"minecraft:grindstone":1,"minecraft:yellow_wool":5,"minecraft:smooth_stone":3,"minecraft:oak_planks":244,"minecraft:stone_shovel":1,"minecraft:spruce_button":4,"minecraft:furnace":1,"minecraft:stone":7,"minecraft:bone_meal":15,"minecraft:blue_ice":5,"minecraft:iron_boots":1,"minecraft:iron_axe":7,"minecraft:spruce_slab":426,"minecraft:stone_pickaxe":15,"minecraft:chest":17,"minecraft:rail":32,"minecraft:stone_hoe":2,"minecraft:oak_fence":21,"minecraft:cooked_rabbit":3,"minecraft:wheat":324,"minecraft:minecart":1,"minecraft:iron_helmet":1,"minecraft:emerald":56,"minecraft:spruce_sign":9,"minecraft:crafting_table":1,"minecraft:spruce_planks":1880,"minecraft:wooden_pickaxe":1,"minecraft:fletching_table":3,"minecraft:bucket":5,"minecraft:stone_axe":3,"minecraft:bread":102,"minecraft:air":0,"minecraft:spruce_trapdoor":34,"minecraft:iron_chestplate":1,"minecraft:charcoal":2,"minecraft:yellow_dye":5,"minecraft:stick":1936,"minecraft:iron_ingot":3,"minecraft:iron_pickaxe":4,"minecraft:iron_shovel":4,"minecraft:iron_leggings":1,"minecraft:stonecutter":1,"minecraft:white_bed":8,"minecraft:composter":2,"minecraft:spruce_fence_gate":2,"minecraft:torch":88,"minecraft:shears":1},"minecraft:picked_up":{"minecraft:charcoal":2,"minecraft:crafting_table":7,"minecraft:wheat":170,"minecraft:azure_bluet":2,"minecraft:yellow_wool":2,"minecraft:leather_leggings":1,"minecraft:brown_mushroom":8,"minecraft:lead":4,"minecraft:cornflower":1,"minecraft:string":88,"minecraft:oak_trapdoor":21,"minecraft:iron_axe":3,"minecraft:iron_shovel":2,"minecraft:beetroot":1,"minecraft:cartography_table":1,"minecraft:bucket":6,"minecraft:spruce_planks":222,"minecraft:beef":9,"minecraft:cobblestone_slab":559,"minecraft:poppy":18,"minecraft:iron_pickaxe":2,"minecraft:spruce_slab":104,"minecraft:minecart":4,"minecraft:sugar_cane":244,"minecraft:chest":1,"minecraft:spruce_trapdoor":10,"minecraft:furnace":1,"minecraft:egg":3,"minecraft:stick":49,"minecraft:oak_fence":43,"minecraft:torch":132,"minecraft:spruce_fence":1,"minecraft:porkchop":11,"minecraft:carrot":506,"minecraft:arrow":7,"minecraft:rotten_flesh":36,"minecraft:beetroot_seeds":6,"minecraft:hay_block":44,"minecraft:snowball":8,"minecraft:rail":47,"minecraft:white_wool":30,"minecraft:cobblestone":1252,"minecraft:oxeye_daisy":3,"minecraft:leather_chestplate":3,"minecraft:cooked_beef":8,"minecraft:tripwire_hook":2,"minecraft:andesite":52,"minecraft:leather":9,"minecraft:powder_snow_bucket":1,"minecraft:smoker":2,"minecraft:potato":399,"minecraft:filled_map":1,"minecraft:flint":6,"minecraft:oak_log":73,"minecraft:yellow_bed":9,"minecraft:gunpowder":8,"minecraft:lapis_lazuli":9,"minecraft:dirt":762,"minecraft:blue_bed":39,"minecraft:bone":7,"minecraft:bow":1,"minecraft:wheat_seeds":565,"minecraft:rabbit_hide":4,"minecraft:iron_ingot":118,"minecraft:oak_fence_gate":2,"minecraft:stone_pickaxe":1,"minecraft:stripped_oak_wood":1,"minecraft:fletching_table":3,"minecraft:rabbit":4,"minecraft:oak_planks":18,"minecraft:pumpkin":13,"minecraft:dandelion":30,"minecraft:poisonous_potato":4,"minecraft:gravel":72,"minecraft:stripped_spruce_log":2,"minecraft:spruce_sapling":73,"minecraft:blast_furnace":3,"minecraft:grass_block":1,"minecraft:white_bed":12,"minecraft:spruce_log":550,"minecraft:spider_eye":1,"minecraft:mossy_cobblestone":10,"minecraft:spruce_fence_gate":1,"minecraft:stone_axe":2,"minecraft:granite":481,"minecraft:bread":53,"minecraft:oak_sapling":3,"minecraft:coal":73},"minecraft:used":{"minecraft:oak_fence":55,"minecraft:oak_trapdoor":15,"minecraft:iron_shovel":874,"minecraft:spruce_slab":438,"minecraft:stone_shovel":62,"minecraft:oak_sign":2,"minecraft:chest":18,"minecraft:spruce_planks":635,"minecraft:stone":102,"minecraft:rotten_flesh":4,"minecraft:stone_hoe":178,"minecraft:torch":140,"minecraft:dirt":392,"minecraft:wheat":1,"minecraft:carrot":256,"minecraft:snowball":8,"minecraft:granite":156,"minecraft:oak_fence_gate":1,"minecraft:villager_spawn_egg":2,"minecraft:iron_axe":1207,"minecraft:tripwire_hook":2,"minecraft:oak_sapling":6,"minecraft:furnace":2,"minecraft:minecart":4,"minecraft:egg":1,"minecraft:potato":147,"minecraft:cooked_beef":3,"minecraft:powder_snow_bucket":11,"minecraft:wheat_seeds":222,"minecraft:water_bucket":272,"minecraft:leather_leggings":1,"minecraft:oak_planks":91,"minecraft:sugar_cane":33,"minecraft:stone_pickaxe":1180,"minecraft:wooden_pickaxe":10,"minecraft:blue_bed":36,"minecraft:spruce_sign":2,"minecraft:composter":2,"minecraft:fletching_table":4,"minecraft:spruce_fence_gate":2,"minecraft:cobblestone_slab":288,"minecraft:stonecutter":1,"minecraft:mossy_cobblestone":10,"minecraft:rail":47,"minecraft:blast_furnace":2,"minecraft:crafting_table":7,"minecraft:white_bed":20,"minecraft:spruce_log":4,"minecraft:smoker":2,"minecraft:oak_log":12,"minecraft:piston":4,"minecraft:iron_pickaxe":568,"minecraft:string":62,"minecraft:bread":79,"minecraft:spruce_trapdoor":49,"minecraft:gravel":7,"minecraft:spruce_sapling":60,"minecraft:yellow_wool":7,"minecraft:stone_axe":170,"minecraft:cobblestone":110,"minecraft:grindstone":1,"minecraft:cooked_rabbit":1,"minecraft:bucket":289,"minecraft:yellow_bed":9,"minecraft:bone_meal":15}},"DataVersion":3700}