{"stats":{"minecraft:picked_up":{"minecraft:sand":9,"minecraft:wheat_seeds":3},"minecraft:dropped":{"minecraft:sand":9,"minecraft:wheat_seeds":3},"minecraft:custom":{"minecraft:jump":67,"minecraft:time_since_rest":3306,"minecraft:leave_game":1,"minecraft:sprint_one_cm":13034,"minecraft:play_time":3306,"minecraft:walk_on_water_one_cm":154,"minecraft:time_since_death":3306,"minecraft:walk_one_cm":3934,"minecraft:total_world_time":3306,"minecraft:walk_under_water_one_cm":90,"minecraft:swim_one_cm":723,"minecraft:fall_one_cm":894,"minecraft:drop":12,"minecraft:fly_one_cm":14863},"minecraft:mined":{"minecraft:short_grass":37,"minecraft:tall_grass":3,"minecraft:sand":9}},"DataVersion":3700}