{"stats":{"minecraft:killed":{"minecraft:spider":1,"minecraft:pig":4,"minecraft:zombie_villager":1,"minecraft:iron_golem":28,"minecraft:creeper":3,"minecraft:trader_llama":2,"minecraft:pillager":1,"minecraft:zombie":13,"minecraft:cow":4},"minecraft:custom":{"minecraft:mob_kills":59,"minecraft:animals_bred":56,"minecraft:interact_with_crafting_table":66,"minecraft:bell_ring":13,"minecraft:leave_game":36,"minecraft:time_since_death":8373,"minecraft:sprint_one_cm":847905,"minecraft:walk_one_cm":1660081,"minecraft:drop":132,"minecraft:talked_to_villager":15,"minecraft:play_time":569054,"minecraft:deaths":3,"minecraft:sneak_time":4191,"minecraft:walk_under_water_one_cm":14683,"minecraft:jump":6644,"minecraft:interact_with_blast_furnace":3,"minecraft:walk_on_water_one_cm":77569,"minecraft:total_world_time":569054,"minecraft:interact_with_furnace":14,"minecraft:traded_with_villager":18,"minecraft:interact_with_stonecutter":2,"minecraft:sleep_in_bed":43,"minecraft:time_since_rest":202,"minecraft:damage_taken":2263,"minecraft:damage_dealt":31354,"minecraft:player_kills":1,"minecraft:swim_one_cm":25427,"minecraft:fly_one_cm":1201768,"minecraft:open_chest":280,"minecraft:crouch_one_cm":14047,"minecraft:interact_with_smoker":2,"minecraft:fall_one_cm":90558},"minecraft:broken":{"minecraft:iron_shovel":2,"minecraft:stone_pickaxe":7,"minecraft:iron_axe":5,"minecraft:iron_pickaxe":2},"minecraft:mined":{"minecraft:white_bed":12,"minecraft:spruce_planks":165,"minecraft:oak_sapling":1,"minecraft:mossy_cobblestone":7,"minecraft:spruce_trapdoor":8,"minecraft:granite":484,"minecraft:spruce_fence":1,"minecraft:grass_block":685,"minecraft:spruce_leaves":75,"minecraft:cartography_table":1,"minecraft:oxeye_daisy":3,"minecraft:large_fern":4,"minecraft:hay_block":35,"minecraft:oak_trapdoor":16,"minecraft:carrots":150,"minecraft:spruce_sapling":13,"minecraft:furnace":1,"minecraft:andesite":50,"minecraft:pumpkin":13,"minecraft:fletching_table":2,"minecraft:azure_bluet":1,"minecraft:potatoes":116,"minecraft:rail":43,"minecraft:stone":980,"minecraft:spruce_slab":63,"minecraft:tripwire":8,"minecraft:brown_mushroom":1,"minecraft:glass_pane":2,"minecraft:smoker":2,"minecraft:dandelion":27,"minecraft:powder_snow":34,"minecraft:oak_fence":38,"minecraft:cornflower":2,"minecraft:crafting_table":6,"minecraft:torch":31,"minecraft:short_grass":452,"minecraft:blast_furnace":2,"minecraft:poppy":3,"minecraft:chest":1,"minecraft:tall_grass":23,"minecraft:cobblestone":82,"minecraft:lapis_ore":2,"minecraft:oak_planks":16,"minecraft:sugar_cane":36,"minecraft:blue_bed":34,"minecraft:wall_torch":15,"minecraft:yellow_wool":2,"minecraft:ice":2,"minecraft:wheat":175,"minecraft:spruce_log":384,"minecraft:stripped_oak_wood":1,"minecraft:yellow_bed":9,"minecraft:oak_log":71,"minecraft:coal_ore":71,"minecraft:beetroots":1,"minecraft:oak_fence_gate":2,"minecraft:gravel":80,"minecraft:dirt":246,"minecraft:spruce_fence_gate":1,"minecraft:oak_leaves":4},"minecraft:dropped":{"minecraft:stone_hoe":1,"minecraft:iron_ingot":4,"minecraft:bread":47,"minecraft:wheat_seeds":126,"minecraft:cooked_beef":4,"minecraft:poisonous_potato":4,"minecraft:oak_fence":9,"minecraft:cobblestone":3,"minecraft:granite":35,"minecraft:fletching_table":1,"minecraft:grass_block":1,"minecraft:stick":6,"minecraft:dirt":41,"minecraft:iron_axe":1,"minecraft:stripped_oak_wood":1,"minecraft:string":13,"minecraft:white_wool":1,"minecraft:blue_bed":2,"minecraft:dandelion":5,"minecraft:gravel":3,"minecraft:stone_axe":2,"minecraft:wheat":2,"minecraft:beetroot":1,"minecraft:rotten_flesh":2,"minecraft:oak_planks":9,"minecraft:azure_bluet":1,"minecraft:spruce_fence":1,"minecraft:carrot":78,"minecraft:blast_furnace":1,"minecraft:poppy":14,"minecraft:rabbit_hide":2,"minecraft:potato":75,"minecraft:spruce_trapdoor":1,"minecraft:spruce_planks":24,"minecraft:beetroot_seeds":3,"minecraft:andesite":20,"minecraft:oak_sapling":1,"minecraft:spruce_slab":22,"minecraft:stone_pickaxe":3,"minecraft:wooden_pickaxe":1,"minecraft:cooked_rabbit":2,"minecraft:egg":2},"minecraft:killed_by":{"minecraft:player":1,"minecraft:zombie":1},"minecraft:crafted":{"minecraft:grindstone":1,"minecraft:yellow_wool":5,"minecraft:smooth_stone":3,"minecraft:oak_planks":244,"minecraft:stone_shovel":1,"minecraft:spruce_button":4,"minecraft:furnace":1,"minecraft:stone":7,"minecraft:bone_meal":15,"minecraft:iron_axe":6,"minecraft:spruce_slab":426,"minecraft:stone_pickaxe":15,"minecraft:chest":17,"minecraft:rail":32,"minecraft:stone_hoe":2,"minecraft:oak_fence":21,"minecraft:cooked_rabbit":3,"minecraft:wheat":324,"minecraft:minecart":1,"minecraft:emerald":15,"minecraft:spruce_sign":3,"minecraft:crafting_table":1,"minecraft:spruce_planks":1216,"minecraft:wooden_pickaxe":1,"minecraft:fletching_table":3,"minecraft:bucket":5,"minecraft:stone_axe":3,"minecraft:bread":102,"minecraft:air":0,"minecraft:spruce_trapdoor":16,"minecraft:charcoal":2,"minecraft:yellow_dye":5,"minecraft:stick":608,"minecraft:iron_ingot":3,"minecraft:iron_pickaxe":4,"minecraft:iron_shovel":4,"minecraft:stonecutter":1,"minecraft:white_bed":8,"minecraft:composter":2,"minecraft:spruce_fence_gate":2,"minecraft:torch":88,"minecraft:shears":1},"minecraft:picked_up":{"minecraft:charcoal":2,"minecraft:crafting_table":7,"minecraft:wheat":170,"minecraft:azure_bluet":2,"minecraft:yellow_wool":2,"minecraft:leather_leggings":1,"minecraft:brown_mushroom":8,"minecraft:lead":2,"minecraft:cornflower":1,"minecraft:string":88,"minecraft:oak_trapdoor":21,"minecraft:iron_axe":3,"minecraft:iron_shovel":2,"minecraft:beetroot":1,"minecraft:cartography_table":1,"minecraft:bucket":2,"minecraft:spruce_planks":195,"minecraft:beef":9,"minecraft:cobblestone_slab":512,"minecraft:poppy":17,"minecraft:iron_pickaxe":2,"minecraft:spruce_slab":104,"minecraft:minecart":4,"minecraft:sugar_cane":181,"minecraft:chest":1,"minecraft:spruce_trapdoor":8,"minecraft:furnace":1,"minecraft:egg":3,"minecraft:stick":40,"minecraft:oak_fence":43,"minecraft:torch":119,"minecraft:spruce_fence":1,"minecraft:porkchop":11,"minecraft:carrot":503,"minecraft:arrow":5,"minecraft:rotten_flesh":36,"minecraft:beetroot_seeds":6,"minecraft:hay_block":44,"minecraft:snowball":8,"minecraft:rail":47,"minecraft:white_wool":30,"minecraft:cobblestone":1203,"minecraft:oxeye_daisy":3,"minecraft:leather_chestplate":2,"minecraft:cooked_beef":4,"minecraft:tripwire_hook":2,"minecraft:andesite":52,"minecraft:leather":6,"minecraft:powder_snow_bucket":1,"minecraft:smoker":2,"minecraft:potato":399,"minecraft:flint":6,"minecraft:oak_log":73,"minecraft:yellow_bed":9,"minecraft:gunpowder":8,"minecraft:lapis_lazuli":9,"minecraft:dirt":762,"minecraft:blue_bed":35,"minecraft:bone":5,"minecraft:bow":1,"minecraft:wheat_seeds":562,"minecraft:rabbit_hide":4,"minecraft:iron_ingot":114,"minecraft:oak_fence_gate":2,"minecraft:stone_pickaxe":1,"minecraft:stripped_oak_wood":1,"minecraft:fletching_table":3,"minecraft:rabbit":4,"minecraft:oak_planks":18,"minecraft:pumpkin":13,"minecraft:dandelion":30,"minecraft:poisonous_potato":4,"minecraft:gravel":72,"minecraft:spruce_sapling":69,"minecraft:blast_furnace":3,"minecraft:grass_block":1,"minecraft:white_bed":12,"minecraft:spruce_log":384,"minecraft:mossy_cobblestone":10,"minecraft:spruce_fence_gate":1,"minecraft:stone_axe":2,"minecraft:granite":481,"minecraft:bread":53,"minecraft:oak_sapling":3,"minecraft:coal":73},"minecraft:used":{"minecraft:oak_fence":55,"minecraft:oak_trapdoor":15,"minecraft:iron_shovel":874,"minecraft:spruce_slab":438,"minecraft:stone_shovel":62,"minecraft:chest":18,"minecraft:spruce_planks":628,"minecraft:rotten_flesh":4,"minecraft:stone_hoe":178,"minecraft:torch":129,"minecraft:dirt":357,"minecraft:wheat":1,"minecraft:carrot":256,"minecraft:snowball":8,"minecraft:granite":156,"minecraft:oak_fence_gate":1,"minecraft:iron_axe":999,"minecraft:tripwire_hook":2,"minecraft:oak_sapling":6,"minecraft:furnace":2,"minecraft:minecart":4,"minecraft:egg":1,"minecraft:potato":147,"minecraft:powder_snow_bucket":11,"minecraft:wheat_seeds":222,"minecraft:water_bucket":136,"minecraft:leather_leggings":1,"minecraft:oak_planks":91,"minecraft:sugar_cane":16,"minecraft:stone_pickaxe":1180,"minecraft:blue_bed":33,"minecraft:wooden_pickaxe":10,"minecraft:spruce_sign":2,"minecraft:composter":2,"minecraft:fletching_table":4,"minecraft:spruce_fence_gate":2,"minecraft:stonecutter":1,"minecraft:mossy_cobblestone":10,"minecraft:rail":47,"minecraft:blast_furnace":2,"minecraft:crafting_table":7,"minecraft:white_bed":20,"minecraft:spruce_log":2,"minecraft:smoker":2,"minecraft:oak_log":12,"minecraft:iron_pickaxe":540,"minecraft:string":62,"minecraft:bread":68,"minecraft:spruce_trapdoor":23,"minecraft:spruce_sapling":56,"minecraft:gravel":7,"minecraft:yellow_wool":7,"minecraft:stone_axe":170,"minecraft:cobblestone":95,"minecraft:grindstone":1,"minecraft:cooked_rabbit":1,"minecraft:bucket":152,"minecraft:yellow_bed":9,"minecraft:bone_meal":15}},"DataVersion":3700}