{"stats":{"minecraft:used":{"minecraft:leather_leggings":1,"minecraft:bread":7,"minecraft:stone_pickaxe":25,"minecraft:spruce_planks":26,"minecraft:wooden_pickaxe":10,"minecraft:stone_axe":48,"minecraft:dirt":11,"minecraft:crafting_table":4,"minecraft:furnace":1,"minecraft:cooked_rabbit":1,"minecraft:bucket":1},"minecraft:mined":{"minecraft:large_fern":3,"minecraft:brown_mushroom":1,"minecraft:furnace":1,"minecraft:spruce_log":21,"minecraft:powder_snow":24,"minecraft:crafting_table":4,"minecraft:short_grass":3,"minecraft:grass_block":7,"minecraft:coal_ore":6,"minecraft:dirt":4,"minecraft:spruce_leaves":29,"minecraft:stone":28},"minecraft:picked_up":{"minecraft:charcoal":1,"minecraft:stick":8,"minecraft:crafting_table":4,"minecraft:brown_mushroom":2,"minecraft:spruce_sapling":9,"minecraft:gunpowder":3,"minecraft:spruce_log":21,"minecraft:string":2,"minecraft:dirt":11,"minecraft:rotten_flesh":2,"minecraft:rabbit_hide":2,"minecraft:iron_ingot":5,"minecraft:rabbit":3,"minecraft:coal":4,"minecraft:cobblestone":28,"minecraft:furnace":1},"minecraft:custom":{"minecraft:time_since_rest":18027,"minecraft:interact_with_furnace":4,"minecraft:sprint_one_cm":82289,"minecraft:damage_taken":320,"minecraft:walk_one_cm":63970,"minecraft:mob_kills":6,"minecraft:drop":8,"minecraft:damage_dealt":2084,"minecraft:interact_with_crafting_table":4,"minecraft:fly_one_cm":110661,"minecraft:open_chest":5,"minecraft:play_time":34945,"minecraft:jump":515,"minecraft:leave_game":4,"minecraft:time_since_death":34945,"minecraft:sleep_in_bed":2,"minecraft:total_world_time":34945,"minecraft:fall_one_cm":10662},"minecraft:dropped":{"minecraft:bread":2,"minecraft:stone_axe":1,"minecraft:spruce_planks":22,"minecraft:wooden_pickaxe":1,"minecraft:stone_pickaxe":1,"minecraft:cooked_rabbit":2},"minecraft:crafted":{"minecraft:charcoal":2,"minecraft:crafting_table":1,"minecraft:spruce_planks":76,"minecraft:stick":8,"minecraft:wooden_pickaxe":1,"minecraft:stone_pickaxe":2,"minecraft:bucket":1,"minecraft:stone_axe":2,"minecraft:cooked_rabbit":3,"minecraft:air":0},"minecraft:killed":{"minecraft:zombie":5,"minecraft:iron_golem":1}},"DataVersion":3700}