{"stats":{"minecraft:killed":{"minecraft:spider":1,"minecraft:pig":4,"minecraft:zombie_villager":1,"minecraft:iron_golem":11,"minecraft:creeper":2,"minecraft:zombie":13,"minecraft:cow":4},"minecraft:mined":{"minecraft:spruce_planks":140,"minecraft:white_bed":8,"minecraft:oak_sapling":1,"minecraft:mossy_cobblestone":7,"minecraft:spruce_trapdoor":5,"minecraft:grass_block":213,"minecraft:spruce_fence":1,"minecraft:spruce_leaves":75,"minecraft:cartography_table":1,"minecraft:large_fern":4,"minecraft:hay_block":35,"minecraft:oak_trapdoor":16,"minecraft:spruce_sapling":5,"minecraft:furnace":1,"minecraft:carrots":70,"minecraft:andesite":2,"minecraft:pumpkin":1,"minecraft:fletching_table":2,"minecraft:potatoes":47,"minecraft:rail":43,"minecraft:stone":110,"minecraft:spruce_slab":63,"minecraft:tripwire":8,"minecraft:brown_mushroom":1,"minecraft:glass_pane":2,"minecraft:smoker":2,"minecraft:dandelion":4,"minecraft:powder_snow":34,"minecraft:oak_fence":38,"minecraft:crafting_table":6,"minecraft:torch":22,"minecraft:short_grass":155,"minecraft:blast_furnace":2,"minecraft:poppy":2,"minecraft:tall_grass":9,"minecraft:cobblestone":39,"minecraft:sugar_cane":13,"minecraft:oak_planks":16,"minecraft:blue_bed":29,"minecraft:wall_torch":5,"minecraft:wheat":68,"minecraft:ice":2,"minecraft:spruce_log":259,"minecraft:yellow_bed":9,"minecraft:oak_log":67,"minecraft:coal_ore":45,"minecraft:beetroots":1,"minecraft:oak_fence_gate":2,"minecraft:dirt":32,"minecraft:spruce_fence_gate":1},"minecraft:used":{"minecraft:oak_trapdoor":15,"minecraft:oak_fence":55,"minecraft:iron_shovel":135,"minecraft:spruce_slab":438,"minecraft:stone_shovel":62,"minecraft:chest":9,"minecraft:spruce_planks":599,"minecraft:stone_hoe":178,"minecraft:rotten_flesh":4,"minecraft:torch":73,"minecraft:dirt":204,"minecraft:wheat":1,"minecraft:carrot":176,"minecraft:snowball":8,"minecraft:oak_fence_gate":1,"minecraft:iron_axe":636,"minecraft:tripwire_hook":2,"minecraft:oak_sapling":6,"minecraft:furnace":2,"minecraft:minecart":4,"minecraft:egg":1,"minecraft:potato":78,"minecraft:powder_snow_bucket":11,"minecraft:wheat_seeds":114,"minecraft:water_bucket":32,"minecraft:leather_leggings":1,"minecraft:stone_pickaxe":176,"minecraft:oak_planks":91,"minecraft:spruce_sign":1,"minecraft:stonecutter":1,"minecraft:composter":2,"minecraft:spruce_fence_gate":2,"minecraft:wooden_pickaxe":10,"minecraft:sugar_cane":16,"minecraft:blue_bed":27,"minecraft:fletching_table":4,"minecraft:mossy_cobblestone":10,"minecraft:rail":47,"minecraft:blast_furnace":2,"minecraft:crafting_table":7,"minecraft:white_bed":12,"minecraft:spruce_log":2,"minecraft:smoker":2,"minecraft:oak_log":12,"minecraft:string":62,"minecraft:bread":49,"minecraft:iron_pickaxe":68,"minecraft:spruce_trapdoor":8,"minecraft:spruce_sapling":36,"minecraft:stone_axe":170,"minecraft:cobblestone":57,"minecraft:grindstone":1,"minecraft:cooked_rabbit":1,"minecraft:bucket":45,"minecraft:yellow_bed":9,"minecraft:bone_meal":15},"minecraft:broken":{"minecraft:iron_axe":2},"minecraft:picked_up":{"minecraft:charcoal":2,"minecraft:crafting_table":7,"minecraft:wheat":64,"minecraft:azure_bluet":1,"minecraft:leather_leggings":1,"minecraft:brown_mushroom":8,"minecraft:oak_trapdoor":21,"minecraft:string":88,"minecraft:iron_axe":1,"minecraft:beetroot":1,"minecraft:cartography_table":1,"minecraft:spruce_planks":170,"minecraft:beef":9,"minecraft:poppy":9,"minecraft:spruce_slab":104,"minecraft:minecart":4,"minecraft:sugar_cane":25,"minecraft:spruce_trapdoor":5,"minecraft:furnace":1,"minecraft:egg":1,"minecraft:stick":37,"minecraft:oak_fence":43,"minecraft:torch":32,"minecraft:spruce_fence":1,"minecraft:porkchop":11,"minecraft:carrot":248,"minecraft:arrow":5,"minecraft:rotten_flesh":6,"minecraft:beetroot_seeds":6,"minecraft:hay_block":44,"minecraft:rail":47,"minecraft:white_wool":13,"minecraft:snowball":8,"minecraft:cobblestone":168,"minecraft:tripwire_hook":2,"minecraft:andesite":4,"minecraft:leather":3,"minecraft:powder_snow_bucket":1,"minecraft:smoker":2,"minecraft:potato":142,"minecraft:oak_log":69,"minecraft:yellow_bed":9,"minecraft:gunpowder":8,"minecraft:dirt":266,"minecraft:blue_bed":29,"minecraft:bone":5,"minecraft:bow":1,"minecraft:wheat_seeds":236,"minecraft:stone_pickaxe":1,"minecraft:rabbit_hide":4,"minecraft:iron_ingot":45,"minecraft:oak_fence_gate":2,"minecraft:fletching_table":3,"minecraft:rabbit":4,"minecraft:oak_planks":18,"minecraft:pumpkin":1,"minecraft:dandelion":5,"minecraft:poisonous_potato":3,"minecraft:blast_furnace":3,"minecraft:spruce_sapling":48,"minecraft:grass_block":1,"minecraft:white_bed":8,"minecraft:spruce_log":259,"minecraft:mossy_cobblestone":10,"minecraft:spruce_fence_gate":1,"minecraft:stone_axe":1,"minecraft:oak_sapling":2,"minecraft:coal":47},"minecraft:dropped":{"minecraft:stone_hoe":1,"minecraft:iron_ingot":2,"minecraft:bread":47,"minecraft:wheat_seeds":120,"minecraft:poisonous_potato":3,"minecraft:oak_fence":9,"minecraft:fletching_table":1,"minecraft:grass_block":1,"minecraft:stick":6,"minecraft:dirt":41,"minecraft:iron_axe":1,"minecraft:string":13,"minecraft:white_wool":1,"minecraft:blue_bed":1,"minecraft:dandelion":5,"minecraft:stone_axe":2,"minecraft:wheat":2,"minecraft:beetroot":1,"minecraft:rotten_flesh":2,"minecraft:oak_planks":9,"minecraft:azure_bluet":1,"minecraft:spruce_fence":1,"minecraft:blast_furnace":1,"minecraft:poppy":7,"minecraft:rabbit_hide":2,"minecraft:spruce_trapdoor":1,"minecraft:spruce_planks":23,"minecraft:andesite":4,"minecraft:beetroot_seeds":3,"minecraft:oak_sapling":1,"minecraft:spruce_slab":22,"minecraft:wooden_pickaxe":1,"minecraft:stone_pickaxe":3,"minecraft:cooked_rabbit":2},"minecraft:custom":{"minecraft:mob_kills":38,"minecraft:animals_bred":25,"minecraft:interact_with_crafting_table":44,"minecraft:bell_ring":13,"minecraft:leave_game":9,"minecraft:time_since_death":250928,"minecraft:sprint_one_cm":612337,"minecraft:walk_one_cm":869450,"minecraft:drop":103,"minecraft:talked_to_villager":14,"minecraft:play_time":295303,"minecraft:deaths":1,"minecraft:sneak_time":3535,"minecraft:walk_under_water_one_cm":8349,"minecraft:jump":4447,"minecraft:interact_with_blast_furnace":3,"minecraft:walk_on_water_one_cm":34997,"minecraft:total_world_time":295303,"minecraft:interact_with_furnace":13,"minecraft:traded_with_villager":18,"minecraft:interact_with_stonecutter":1,"minecraft:sleep_in_bed":26,"minecraft:time_since_rest":608,"minecraft:damage_taken":1450,"minecraft:damage_dealt":14729,"minecraft:swim_one_cm":23351,"minecraft:fly_one_cm":858932,"minecraft:open_chest":156,"minecraft:crouch_one_cm":12276,"minecraft:interact_with_smoker":2,"minecraft:fall_one_cm":72864},"minecraft:crafted":{"minecraft:grindstone":1,"minecraft:smooth_stone":3,"minecraft:oak_planks":228,"minecraft:stone_shovel":1,"minecraft:furnace":1,"minecraft:stone":7,"minecraft:bone_meal":15,"minecraft:iron_axe":6,"minecraft:spruce_slab":426,"minecraft:stone_pickaxe":3,"minecraft:chest":9,"minecraft:rail":32,"minecraft:stone_hoe":2,"minecraft:oak_fence":21,"minecraft:cooked_rabbit":3,"minecraft:minecart":1,"minecraft:wheat":324,"minecraft:emerald":15,"minecraft:spruce_sign":3,"minecraft:crafting_table":1,"minecraft:spruce_planks":1020,"minecraft:wooden_pickaxe":1,"minecraft:fletching_table":3,"minecraft:bucket":2,"minecraft:stone_axe":3,"minecraft:bread":102,"minecraft:air":0,"minecraft:spruce_trapdoor":4,"minecraft:charcoal":2,"minecraft:stick":552,"minecraft:iron_ingot":3,"minecraft:iron_pickaxe":2,"minecraft:iron_shovel":1,"minecraft:stonecutter":1,"minecraft:white_bed":4,"minecraft:composter":2,"minecraft:spruce_fence_gate":2,"minecraft:torch":44,"minecraft:shears":1}},"DataVersion":3700}