{"stats":{"minecraft:used":{"minecraft:leather_leggings":1,"minecraft:bread":1,"minecraft:stone_pickaxe":18,"minecraft:wooden_pickaxe":10,"minecraft:stone_axe":22,"minecraft:dirt":11,"minecraft:crafting_table":3},"minecraft:mined":{"minecraft:spruce_log":13,"minecraft:crafting_table":3,"minecraft:short_grass":3,"minecraft:grass_block":7,"minecraft:dirt":4,"minecraft:spruce_leaves":5,"minecraft:stone":28},"minecraft:picked_up":{"minecraft:stick":7,"minecraft:crafting_table":3,"minecraft:spruce_sapling":7,"minecraft:spruce_log":13,"minecraft:dirt":11,"minecraft:rabbit_hide":2,"minecraft:iron_ingot":5,"minecraft:rabbit":3,"minecraft:cobblestone":28},"minecraft:custom":{"minecraft:time_since_rest":6027,"minecraft:sprint_one_cm":50016,"minecraft:walk_one_cm":29244,"minecraft:mob_kills":1,"minecraft:drop":3,"minecraft:damage_dealt":1001,"minecraft:interact_with_crafting_table":3,"minecraft:fly_one_cm":75209,"minecraft:open_chest":5,"minecraft:play_time":22945,"minecraft:jump":312,"minecraft:leave_game":4,"minecraft:time_since_death":22945,"minecraft:sleep_in_bed":2,"minecraft:total_world_time":22945,"minecraft:fall_one_cm":6177},"minecraft:dropped":{"minecraft:stone_axe":1,"minecraft:wooden_pickaxe":1,"minecraft:stone_pickaxe":1},"minecraft:crafted":{"minecraft:crafting_table":1,"minecraft:spruce_planks":20,"minecraft:stick":8,"minecraft:wooden_pickaxe":1,"minecraft:stone_pickaxe":2,"minecraft:stone_axe":2},"minecraft:killed":{"minecraft:iron_golem":1}},"DataVersion":3700}