{"stats":{"minecraft:killed":{"minecraft:iron_golem":1},"minecraft:crafted":{"minecraft:crafting_table":3,"minecraft:stick":20,"minecraft:iron_ingot":6,"minecraft:iron_pickaxe":3,"minecraft:stone_pickaxe":2,"minecraft:furnace":1,"minecraft:acacia_planks":24,"minecraft:torch":24,"minecraft:stone_axe":1,"minecraft:air":0,"minecraft:bread":18,"minecraft:wheat":54},"minecraft:used":{"minecraft:wooden_axe":4,"minecraft:bread":2,"minecraft:stone_pickaxe":178,"minecraft:iron_pickaxe":3,"minecraft:wooden_pickaxe":7,"minecraft:stone_axe":6,"minecraft:torch":2,"minecraft:dirt":1,"minecraft:cobblestone":1,"minecraft:crafting_table":5,"minecraft:furnace":1,"minecraft:white_bed":2,"minecraft:egg":1,"minecraft:granite":10},"minecraft:broken":{"minecraft:stone_pickaxe":1},"minecraft:mined":{"minecraft:hay_block":19,"minecraft:white_bed":4,"minecraft:iron_ore":24,"minecraft:andesite":1,"minecraft:clay":4,"minecraft:crafting_table":3,"minecraft:granite":21,"minecraft:short_grass":5,"minecraft:acacia_log":6,"minecraft:grass_block":21,"minecraft:coal_ore":13,"minecraft:dirt":26,"minecraft:cobblestone":18,"minecraft:stone":105,"minecraft:diorite":5,"minecraft:oak_leaves":3},"minecraft:custom":{"minecraft:time_since_rest":47,"minecraft:interact_with_furnace":6,"minecraft:sprint_one_cm":61632,"minecraft:damage_taken":245,"minecraft:walk_one_cm":36705,"minecraft:mob_kills":1,"minecraft:drop":10,"minecraft:damage_dealt":210,"minecraft:swim_one_cm":2253,"minecraft:interact_with_crafting_table":8,"minecraft:fly_one_cm":81438,"minecraft:player_kills":1,"minecraft:open_chest":2,"minecraft:play_time":34574,"minecraft:deaths":1,"minecraft:sneak_time":52,"minecraft:walk_under_water_one_cm":94,"minecraft:jump":379,"minecraft:leave_game":2,"minecraft:time_since_death":26157,"minecraft:walk_on_water_one_cm":801,"minecraft:sleep_in_bed":2,"minecraft:total_world_time":34574,"minecraft:climb_one_cm":544,"minecraft:fall_one_cm":7704},"minecraft:killed_by":{"minecraft:player":1},"minecraft:picked_up":{"minecraft:wooden_axe":1,"minecraft:raw_iron":24,"minecraft:crafting_table":3,"minecraft:clay_ball":16,"minecraft:andesite":1,"minecraft:acacia_log":6,"minecraft:wooden_pickaxe":1,"minecraft:diorite":5,"minecraft:white_bed":6,"minecraft:dirt":47,"minecraft:acacia_planks":4,"minecraft:wheat_seeds":2,"minecraft:hay_block":25,"minecraft:granite":21,"minecraft:iron_ingot":5,"minecraft:oak_sapling":1,"minecraft:coal":13,"minecraft:cobblestone":123,"minecraft:egg":1},"minecraft:dropped":{"minecraft:iron_ingot":2,"minecraft:dirt":1,"minecraft:wheat_seeds":2,"minecraft:wooden_axe":1,"minecraft:wooden_pickaxe":1,"minecraft:white_bed":3}},"DataVersion":3700}