{"stats":{"minecraft:crafted":{"minecraft:grindstone":1,"minecraft:yellow_wool":5,"minecraft:smooth_stone":3,"minecraft:oak_planks":244,"minecraft:stone_shovel":1,"minecraft:spruce_button":4,"minecraft:furnace":1,"minecraft:stone":7,"minecraft:bone_meal":15,"minecraft:iron_axe":6,"minecraft:spruce_slab":426,"minecraft:stone_pickaxe":15,"minecraft:chest":11,"minecraft:rail":32,"minecraft:stone_hoe":2,"minecraft:oak_fence":21,"minecraft:cooked_rabbit":3,"minecraft:wheat":324,"minecraft:minecart":1,"minecraft:emerald":15,"minecraft:spruce_sign":3,"minecraft:crafting_table":1,"minecraft:spruce_planks":1216,"minecraft:wooden_pickaxe":1,"minecraft:fletching_table":3,"minecraft:bucket":2,"minecraft:stone_axe":3,"minecraft:bread":102,"minecraft:air":0,"minecraft:spruce_trapdoor":16,"minecraft:charcoal":2,"minecraft:yellow_dye":5,"minecraft:stick":608,"minecraft:iron_ingot":3,"minecraft:iron_pickaxe":3,"minecraft:iron_shovel":2,"minecraft:stonecutter":1,"minecraft:white_bed":8,"minecraft:composter":2,"minecraft:spruce_fence_gate":2,"minecraft:torch":88,"minecraft:shears":1},"minecraft:broken":{"minecraft:stone_pickaxe":5,"minecraft:iron_axe":3,"minecraft:iron_pickaxe":1},"minecraft:mined":{"minecraft:white_bed":12,"minecraft:spruce_planks":150,"minecraft:oak_sapling":1,"minecraft:mossy_cobblestone":7,"minecraft:spruce_trapdoor":8,"minecraft:granite":270,"minecraft:grass_block":233,"minecraft:spruce_fence":1,"minecraft:spruce_leaves":75,"minecraft:cartography_table":1,"minecraft:large_fern":4,"minecraft:hay_block":35,"minecraft:oak_trapdoor":16,"minecraft:spruce_sapling":7,"minecraft:furnace":1,"minecraft:carrots":110,"minecraft:andesite":37,"minecraft:pumpkin":1,"minecraft:fletching_table":2,"minecraft:potatoes":76,"minecraft:rail":43,"minecraft:stone":756,"minecraft:spruce_slab":63,"minecraft:tripwire":8,"minecraft:brown_mushroom":1,"minecraft:glass_pane":2,"minecraft:smoker":2,"minecraft:dandelion":9,"minecraft:powder_snow":34,"minecraft:oak_fence":38,"minecraft:crafting_table":6,"minecraft:torch":27,"minecraft:short_grass":155,"minecraft:blast_furnace":2,"minecraft:poppy":2,"minecraft:tall_grass":9,"minecraft:cobblestone":51,"minecraft:oak_planks":16,"minecraft:sugar_cane":13,"minecraft:blue_bed":32,"minecraft:wall_torch":9,"minecraft:yellow_wool":2,"minecraft:ice":2,"minecraft:wheat":95,"minecraft:spruce_log":384,"minecraft:yellow_bed":9,"minecraft:oak_log":71,"minecraft:coal_ore":67,"minecraft:beetroots":1,"minecraft:oak_fence_gate":2,"minecraft:gravel":12,"minecraft:dirt":83,"minecraft:spruce_fence_gate":1},"minecraft:dropped":{"minecraft:stone_hoe":1,"minecraft:iron_ingot":2,"minecraft:bread":47,"minecraft:wheat_seeds":120,"minecraft:poisonous_potato":4,"minecraft:oak_fence":9,"minecraft:granite":35,"minecraft:fletching_table":1,"minecraft:grass_block":1,"minecraft:stick":6,"minecraft:dirt":41,"minecraft:iron_axe":1,"minecraft:string":13,"minecraft:white_wool":1,"minecraft:blue_bed":2,"minecraft:dandelion":5,"minecraft:gravel":3,"minecraft:stone_axe":2,"minecraft:wheat":2,"minecraft:beetroot":1,"minecraft:rotten_flesh":2,"minecraft:oak_planks":9,"minecraft:azure_bluet":1,"minecraft:spruce_fence":1,"minecraft:carrot":78,"minecraft:blast_furnace":1,"minecraft:poppy":7,"minecraft:rabbit_hide":2,"minecraft:potato":75,"minecraft:spruce_trapdoor":1,"minecraft:spruce_planks":24,"minecraft:beetroot_seeds":3,"minecraft:andesite":19,"minecraft:oak_sapling":1,"minecraft:spruce_slab":22,"minecraft:stone_pickaxe":3,"minecraft:wooden_pickaxe":1,"minecraft:cooked_rabbit":2},"minecraft:killed":{"minecraft:spider":1,"minecraft:pig":4,"minecraft:zombie_villager":1,"minecraft:iron_golem":15,"minecraft:creeper":2,"minecraft:zombie":13,"minecraft:cow":4},"minecraft:custom":{"minecraft:mob_kills":42,"minecraft:animals_bred":35,"minecraft:interact_with_crafting_table":57,"minecraft:bell_ring":13,"minecraft:leave_game":9,"minecraft:time_since_death":327958,"minecraft:sprint_one_cm":692991,"minecraft:walk_one_cm":1139533,"minecraft:drop":113,"minecraft:talked_to_villager":14,"minecraft:play_time":372333,"minecraft:deaths":1,"minecraft:sneak_time":3933,"minecraft:walk_under_water_one_cm":13637,"minecraft:jump":5226,"minecraft:interact_with_blast_furnace":3,"minecraft:walk_on_water_one_cm":67607,"minecraft:total_world_time":372333,"minecraft:interact_with_furnace":13,"minecraft:traded_with_villager":18,"minecraft:interact_with_stonecutter":1,"minecraft:sleep_in_bed":31,"minecraft:time_since_rest":8720,"minecraft:damage_taken":1520,"minecraft:damage_dealt":18158,"minecraft:swim_one_cm":25427,"minecraft:fly_one_cm":986259,"minecraft:open_chest":211,"minecraft:crouch_one_cm":13011,"minecraft:interact_with_smoker":2,"minecraft:fall_one_cm":80627},"minecraft:used":{"minecraft:oak_fence":55,"minecraft:oak_trapdoor":15,"minecraft:iron_shovel":203,"minecraft:spruce_slab":438,"minecraft:stone_shovel":62,"minecraft:chest":11,"minecraft:spruce_planks":612,"minecraft:rotten_flesh":4,"minecraft:stone_hoe":178,"minecraft:torch":89,"minecraft:dirt":237,"minecraft:wheat":1,"minecraft:carrot":216,"minecraft:granite":85,"minecraft:snowball":8,"minecraft:oak_fence_gate":1,"minecraft:iron_axe":816,"minecraft:tripwire_hook":2,"minecraft:oak_sapling":6,"minecraft:furnace":2,"minecraft:minecart":4,"minecraft:egg":1,"minecraft:potato":107,"minecraft:powder_snow_bucket":11,"minecraft:wheat_seeds":142,"minecraft:water_bucket":48,"minecraft:leather_leggings":1,"minecraft:stone_pickaxe":903,"minecraft:oak_planks":91,"minecraft:sugar_cane":16,"minecraft:blue_bed":30,"minecraft:wooden_pickaxe":10,"minecraft:spruce_sign":2,"minecraft:composter":2,"minecraft:fletching_table":4,"minecraft:spruce_fence_gate":2,"minecraft:stonecutter":1,"minecraft:mossy_cobblestone":10,"minecraft:rail":47,"minecraft:blast_furnace":2,"minecraft:crafting_table":7,"minecraft:white_bed":20,"minecraft:spruce_log":2,"minecraft:smoker":2,"minecraft:oak_log":12,"minecraft:iron_pickaxe":327,"minecraft:string":62,"minecraft:bread":56,"minecraft:spruce_trapdoor":23,"minecraft:spruce_sapling":43,"minecraft:gravel":7,"minecraft:yellow_wool":7,"minecraft:stone_axe":170,"minecraft:cobblestone":70,"minecraft:grindstone":1,"minecraft:cooked_rabbit":1,"minecraft:bucket":61,"minecraft:yellow_bed":9,"minecraft:bone_meal":15},"minecraft:picked_up":{"minecraft:charcoal":2,"minecraft:crafting_table":7,"minecraft:wheat":91,"minecraft:azure_bluet":1,"minecraft:yellow_wool":2,"minecraft:leather_leggings":1,"minecraft:brown_mushroom":8,"minecraft:string":88,"minecraft:oak_trapdoor":21,"minecraft:iron_axe":1,"minecraft:beetroot":1,"minecraft:cartography_table":1,"minecraft:spruce_planks":180,"minecraft:beef":9,"minecraft:poppy":9,"minecraft:spruce_slab":104,"minecraft:minecart":4,"minecraft:sugar_cane":25,"minecraft:spruce_trapdoor":8,"minecraft:furnace":1,"minecraft:egg":1,"minecraft:stick":39,"minecraft:oak_fence":43,"minecraft:torch":45,"minecraft:spruce_fence":1,"minecraft:porkchop":11,"minecraft:carrot":366,"minecraft:arrow":5,"minecraft:rotten_flesh":6,"minecraft:beetroot_seeds":6,"minecraft:hay_block":44,"minecraft:snowball":8,"minecraft:rail":47,"minecraft:white_wool":30,"minecraft:cobblestone":826,"minecraft:tripwire_hook":2,"minecraft:andesite":39,"minecraft:leather":3,"minecraft:powder_snow_bucket":1,"minecraft:smoker":2,"minecraft:potato":246,"minecraft:flint":2,"minecraft:oak_log":73,"minecraft:yellow_bed":9,"minecraft:gunpowder":8,"minecraft:dirt":336,"minecraft:blue_bed":33,"minecraft:bone":5,"minecraft:bow":1,"minecraft:wheat_seeds":315,"minecraft:stone_pickaxe":1,"minecraft:rabbit_hide":4,"minecraft:iron_ingot":63,"minecraft:oak_fence_gate":2,"minecraft:fletching_table":3,"minecraft:rabbit":4,"minecraft:oak_planks":18,"minecraft:pumpkin":1,"minecraft:dandelion":10,"minecraft:poisonous_potato":4,"minecraft:gravel":10,"minecraft:spruce_sapling":60,"minecraft:blast_furnace":3,"minecraft:grass_block":1,"minecraft:white_bed":12,"minecraft:spruce_log":384,"minecraft:mossy_cobblestone":10,"minecraft:spruce_fence_gate":1,"minecraft:stone_axe":1,"minecraft:granite":267,"minecraft:oak_sapling":2,"minecraft:coal":69}},"DataVersion":3700}