{"stats":{"minecraft:used":{"minecraft:leather_leggings":1,"minecraft:stone_pickaxe":25,"minecraft:spruce_planks":47,"minecraft:wooden_pickaxe":10,"minecraft:rotten_flesh":4,"minecraft:dirt":11,"minecraft:crafting_table":4,"minecraft:snowball":8,"minecraft:bread":8,"minecraft:stone_axe":67,"minecraft:furnace":1,"minecraft:cooked_rabbit":1,"minecraft:bucket":8,"minecraft:powder_snow_bucket":7},"minecraft:mined":{"minecraft:spruce_planks":2,"minecraft:brown_mushroom":1,"minecraft:powder_snow":29,"minecraft:crafting_table":4,"minecraft:short_grass":3,"minecraft:grass_block":7,"minecraft:spruce_leaves":38,"minecraft:cartography_table":1,"minecraft:blue_bed":3,"minecraft:large_fern":3,"minecraft:furnace":1,"minecraft:ice":2,"minecraft:spruce_log":30,"minecraft:coal_ore":6,"minecraft:dirt":4,"minecraft:stone":28},"minecraft:picked_up":{"minecraft:charcoal":2,"minecraft:crafting_table":5,"minecraft:leather_leggings":1,"minecraft:brown_mushroom":8,"minecraft:powder_snow_bucket":1,"minecraft:gunpowder":6,"minecraft:dirt":11,"minecraft:string":4,"minecraft:blue_bed":2,"minecraft:cartography_table":1,"minecraft:rabbit_hide":4,"minecraft:spruce_planks":34,"minecraft:iron_ingot":7,"minecraft:stone_pickaxe":1,"minecraft:rabbit":3,"minecraft:furnace":1,"minecraft:stick":14,"minecraft:spruce_sapling":20,"minecraft:grass_block":1,"minecraft:spruce_log":30,"minecraft:rotten_flesh":6,"minecraft:stone_axe":1,"minecraft:coal":8,"minecraft:snowball":8,"minecraft:cobblestone":44},"minecraft:custom":{"minecraft:interact_with_furnace":4,"minecraft:mob_kills":11,"minecraft:interact_with_crafting_table":4,"minecraft:leave_game":4,"minecraft:time_since_death":2570,"minecraft:sleep_in_bed":2,"minecraft:time_since_rest":2597,"minecraft:sprint_one_cm":123917,"minecraft:damage_taken":616,"minecraft:walk_one_cm":97557,"minecraft:drop":11,"minecraft:damage_dealt":2612,"minecraft:fly_one_cm":141267,"minecraft:open_chest":7,"minecraft:crouch_one_cm":25,"minecraft:play_time":46945,"minecraft:deaths":1,"minecraft:sneak_time":45,"minecraft:jump":785,"minecraft:walk_on_water_one_cm":23,"minecraft:total_world_time":46945,"minecraft:fall_one_cm":16300},"minecraft:dropped":{"minecraft:bread":2,"minecraft:stone_axe":1,"minecraft:rotten_flesh":2,"minecraft:spruce_planks":22,"minecraft:stone_pickaxe":1,"minecraft:wooden_pickaxe":1,"minecraft:cooked_rabbit":2,"minecraft:blue_bed":1},"minecraft:crafted":{"minecraft:crafting_table":1,"minecraft:spruce_planks":112,"minecraft:wooden_pickaxe":1,"minecraft:bucket":1,"minecraft:stone_axe":2,"minecraft:air":0,"minecraft:charcoal":2,"minecraft:stick":8,"minecraft:stone_pickaxe":2,"minecraft:cooked_rabbit":3},"minecraft:killed":{"minecraft:zombie_villager":1,"minecraft:iron_golem":1,"minecraft:zombie":9}},"DataVersion":3700}