{"stats":{"minecraft:mined":{"minecraft:white_bed":12,"minecraft:spruce_planks":157,"minecraft:oak_sapling":1,"minecraft:mossy_cobblestone":7,"minecraft:spruce_trapdoor":8,"minecraft:granite":466,"minecraft:grass_block":275,"minecraft:spruce_fence":1,"minecraft:spruce_leaves":75,"minecraft:cartography_table":1,"minecraft:large_fern":4,"minecraft:hay_block":35,"minecraft:oak_trapdoor":16,"minecraft:spruce_sapling":13,"minecraft:furnace":1,"minecraft:carrots":110,"minecraft:andesite":38,"minecraft:pumpkin":13,"minecraft:fletching_table":2,"minecraft:potatoes":76,"minecraft:rail":43,"minecraft:stone":897,"minecraft:spruce_slab":63,"minecraft:tripwire":8,"minecraft:brown_mushroom":1,"minecraft:glass_pane":2,"minecraft:smoker":2,"minecraft:dandelion":9,"minecraft:powder_snow":34,"minecraft:oak_fence":38,"minecraft:crafting_table":6,"minecraft:torch":27,"minecraft:short_grass":167,"minecraft:blast_furnace":2,"minecraft:poppy":2,"minecraft:tall_grass":11,"minecraft:cobblestone":71,"minecraft:oak_planks":16,"minecraft:sugar_cane":13,"minecraft:blue_bed":34,"minecraft:wall_torch":13,"minecraft:yellow_wool":2,"minecraft:ice":2,"minecraft:wheat":95,"minecraft:spruce_log":384,"minecraft:yellow_bed":9,"minecraft:oak_log":71,"minecraft:coal_ore":71,"minecraft:beetroots":1,"minecraft:oak_fence_gate":2,"minecraft:gravel":45,"minecraft:dirt":201,"minecraft:spruce_fence_gate":1},"minecraft:dropped":{"minecraft:stone_hoe":1,"minecraft:iron_ingot":2,"minecraft:bread":47,"minecraft:wheat_seeds":121,"minecraft:poisonous_potato":4,"minecraft:oak_fence":9,"minecraft:granite":35,"minecraft:fletching_table":1,"minecraft:grass_block":1,"minecraft:stick":6,"minecraft:dirt":41,"minecraft:iron_axe":1,"minecraft:string":13,"minecraft:white_wool":1,"minecraft:blue_bed":2,"minecraft:dandelion":5,"minecraft:gravel":3,"minecraft:stone_axe":2,"minecraft:wheat":2,"minecraft:beetroot":1,"minecraft:rotten_flesh":2,"minecraft:oak_planks":9,"minecraft:azure_bluet":1,"minecraft:spruce_fence":1,"minecraft:carrot":78,"minecraft:blast_furnace":1,"minecraft:poppy":10,"minecraft:rabbit_hide":2,"minecraft:potato":75,"minecraft:spruce_trapdoor":1,"minecraft:spruce_planks":24,"minecraft:beetroot_seeds":3,"minecraft:andesite":19,"minecraft:oak_sapling":1,"minecraft:spruce_slab":22,"minecraft:stone_pickaxe":3,"minecraft:wooden_pickaxe":1,"minecraft:cooked_rabbit":2},"minecraft:custom":{"minecraft:mob_kills":48,"minecraft:animals_bred":35,"minecraft:interact_with_crafting_table":57,"minecraft:bell_ring":13,"minecraft:leave_game":13,"minecraft:time_since_death":415972,"minecraft:sprint_one_cm":729550,"minecraft:walk_one_cm":1290023,"minecraft:drop":117,"minecraft:talked_to_villager":15,"minecraft:play_time":460347,"minecraft:deaths":1,"minecraft:sneak_time":3973,"minecraft:walk_under_water_one_cm":13637,"minecraft:jump":5534,"minecraft:interact_with_blast_furnace":3,"minecraft:walk_on_water_one_cm":71339,"minecraft:total_world_time":460347,"minecraft:interact_with_furnace":13,"minecraft:traded_with_villager":18,"minecraft:interact_with_stonecutter":1,"minecraft:sleep_in_bed":36,"minecraft:time_since_rest":14538,"minecraft:damage_taken":1520,"minecraft:damage_dealt":22275,"minecraft:swim_one_cm":25427,"minecraft:fly_one_cm":1025680,"minecraft:open_chest":223,"minecraft:crouch_one_cm":13302,"minecraft:interact_with_smoker":2,"minecraft:fall_one_cm":82419},"minecraft:used":{"minecraft:oak_fence":55,"minecraft:oak_trapdoor":15,"minecraft:iron_shovel":396,"minecraft:spruce_slab":438,"minecraft:stone_shovel":62,"minecraft:chest":11,"minecraft:spruce_planks":623,"minecraft:rotten_flesh":4,"minecraft:stone_hoe":178,"minecraft:torch":107,"minecraft:dirt":237,"minecraft:wheat":1,"minecraft:carrot":216,"minecraft:granite":140,"minecraft:snowball":8,"minecraft:oak_fence_gate":1,"minecraft:iron_axe":888,"minecraft:tripwire_hook":2,"minecraft:oak_sapling":6,"minecraft:furnace":2,"minecraft:minecart":4,"minecraft:egg":1,"minecraft:potato":107,"minecraft:powder_snow_bucket":11,"minecraft:wheat_seeds":142,"minecraft:water_bucket":49,"minecraft:leather_leggings":1,"minecraft:stone_pickaxe":1180,"minecraft:oak_planks":91,"minecraft:sugar_cane":16,"minecraft:blue_bed":33,"minecraft:wooden_pickaxe":10,"minecraft:spruce_sign":2,"minecraft:composter":2,"minecraft:fletching_table":4,"minecraft:spruce_fence_gate":2,"minecraft:stonecutter":1,"minecraft:mossy_cobblestone":10,"minecraft:rail":47,"minecraft:blast_furnace":2,"minecraft:crafting_table":7,"minecraft:white_bed":20,"minecraft:spruce_log":2,"minecraft:smoker":2,"minecraft:oak_log":12,"minecraft:iron_pickaxe":413,"minecraft:string":62,"minecraft:bread":58,"minecraft:spruce_trapdoor":23,"minecraft:spruce_sapling":56,"minecraft:gravel":7,"minecraft:yellow_wool":7,"minecraft:stone_axe":170,"minecraft:cobblestone":95,"minecraft:grindstone":1,"minecraft:cooked_rabbit":1,"minecraft:bucket":62,"minecraft:yellow_bed":9,"minecraft:bone_meal":15},"minecraft:killed":{"minecraft:spider":1,"minecraft:pig":4,"minecraft:zombie_villager":1,"minecraft:iron_golem":19,"minecraft:creeper":2,"minecraft:trader_llama":2,"minecraft:zombie":13,"minecraft:cow":4},"minecraft:picked_up":{"minecraft:charcoal":2,"minecraft:crafting_table":7,"minecraft:wheat":91,"minecraft:azure_bluet":1,"minecraft:yellow_wool":2,"minecraft:leather_leggings":1,"minecraft:brown_mushroom":8,"minecraft:lead":2,"minecraft:string":88,"minecraft:oak_trapdoor":21,"minecraft:iron_axe":1,"minecraft:beetroot":1,"minecraft:cartography_table":1,"minecraft:spruce_planks":187,"minecraft:beef":9,"minecraft:poppy":12,"minecraft:spruce_slab":104,"minecraft:minecart":4,"minecraft:sugar_cane":25,"minecraft:spruce_trapdoor":8,"minecraft:furnace":1,"minecraft:egg":1,"minecraft:stick":40,"minecraft:oak_fence":43,"minecraft:torch":52,"minecraft:spruce_fence":1,"minecraft:porkchop":11,"minecraft:carrot":366,"minecraft:arrow":5,"minecraft:rotten_flesh":6,"minecraft:beetroot_seeds":6,"minecraft:hay_block":44,"minecraft:snowball":8,"minecraft:rail":47,"minecraft:white_wool":30,"minecraft:cobblestone":980,"minecraft:tripwire_hook":2,"minecraft:andesite":40,"minecraft:leather":6,"minecraft:powder_snow_bucket":1,"minecraft:smoker":2,"minecraft:potato":246,"minecraft:flint":6,"minecraft:oak_log":73,"minecraft:yellow_bed":9,"minecraft:gunpowder":8,"minecraft:dirt":486,"minecraft:blue_bed":35,"minecraft:bone":5,"minecraft:bow":1,"minecraft:wheat_seeds":318,"minecraft:stone_pickaxe":1,"minecraft:rabbit_hide":4,"minecraft:iron_ingot":78,"minecraft:oak_fence_gate":2,"minecraft:fletching_table":3,"minecraft:rabbit":4,"minecraft:oak_planks":18,"minecraft:pumpkin":13,"minecraft:dandelion":10,"minecraft:poisonous_potato":4,"minecraft:gravel":39,"minecraft:spruce_sapling":69,"minecraft:blast_furnace":3,"minecraft:grass_block":1,"minecraft:white_bed":12,"minecraft:spruce_log":384,"minecraft:mossy_cobblestone":10,"minecraft:spruce_fence_gate":1,"minecraft:stone_axe":1,"minecraft:granite":463,"minecraft:oak_sapling":2,"minecraft:coal":73},"minecraft:crafted":{"minecraft:grindstone":1,"minecraft:yellow_wool":5,"minecraft:smooth_stone":3,"minecraft:oak_planks":244,"minecraft:stone_shovel":1,"minecraft:spruce_button":4,"minecraft:furnace":1,"minecraft:stone":7,"minecraft:bone_meal":15,"minecraft:iron_axe":6,"minecraft:spruce_slab":426,"minecraft:stone_pickaxe":15,"minecraft:chest":11,"minecraft:rail":32,"minecraft:stone_hoe":2,"minecraft:oak_fence":21,"minecraft:cooked_rabbit":3,"minecraft:wheat":324,"minecraft:minecart":1,"minecraft:emerald":15,"minecraft:spruce_sign":3,"minecraft:crafting_table":1,"minecraft:spruce_planks":1216,"minecraft:wooden_pickaxe":1,"minecraft:fletching_table":3,"minecraft:bucket":2,"minecraft:stone_axe":3,"minecraft:bread":102,"minecraft:air":0,"minecraft:spruce_trapdoor":16,"minecraft:charcoal":2,"minecraft:yellow_dye":5,"minecraft:stick":608,"minecraft:iron_ingot":3,"minecraft:iron_pickaxe":3,"minecraft:iron_shovel":2,"minecraft:stonecutter":1,"minecraft:white_bed":8,"minecraft:composter":2,"minecraft:spruce_fence_gate":2,"minecraft:torch":88,"minecraft:shears":1},"minecraft:broken":{"minecraft:stone_pickaxe":7,"minecraft:iron_axe":4,"minecraft:iron_pickaxe":1}},"DataVersion":3700}