{"stats":{"minecraft:picked_up":{"minecraft:sand":9,"minecraft:wheat_seeds":3},"minecraft:dropped":{"minecraft:sand":9,"minecraft:wheat_seeds":3},"minecraft:custom":{"minecraft:jump":77,"minecraft:time_since_rest":4510,"minecraft:leave_game":2,"minecraft:play_time":4510,"minecraft:sprint_one_cm":13482,"minecraft:time_since_death":4510,"minecraft:walk_on_water_one_cm":154,"minecraft:walk_one_cm":5069,"minecraft:total_world_time":4510,"minecraft:walk_under_water_one_cm":90,"minecraft:swim_one_cm":723,"minecraft:fall_one_cm":894,"minecraft:drop":12,"minecraft:fly_one_cm":15641},"minecraft:mined":{"minecraft:tall_grass":3,"minecraft:short_grass":37,"minecraft:sand":9}},"DataVersion":3700}