{"stats":{"minecraft:killed":{"minecraft:spider":1,"minecraft:pig":4,"minecraft:zombie_villager":1,"minecraft:iron_golem":9,"minecraft:creeper":2,"minecraft:zombie":13,"minecraft:cow":4},"minecraft:dropped":{"minecraft:stone_hoe":1,"minecraft:iron_ingot":2,"minecraft:bread":37,"minecraft:wheat_seeds":79,"minecraft:poisonous_potato":2,"minecraft:oak_fence":9,"minecraft:fletching_table":1,"minecraft:grass_block":1,"minecraft:stick":6,"minecraft:dirt":40,"minecraft:iron_axe":1,"minecraft:string":13,"minecraft:blue_bed":1,"minecraft:dandelion":5,"minecraft:stone_axe":2,"minecraft:wheat":1,"minecraft:beetroot":1,"minecraft:rotten_flesh":2,"minecraft:azure_bluet":1,"minecraft:spruce_fence":1,"minecraft:blast_furnace":1,"minecraft:poppy":7,"minecraft:rabbit_hide":2,"minecraft:spruce_planks":22,"minecraft:andesite":4,"minecraft:beetroot_seeds":3,"minecraft:oak_sapling":1,"minecraft:wooden_pickaxe":1,"minecraft:stone_pickaxe":3,"minecraft:cooked_rabbit":2},"minecraft:crafted":{"minecraft:oak_planks":164,"minecraft:stone_shovel":1,"minecraft:iron_axe":3,"minecraft:spruce_slab":426,"minecraft:stone_pickaxe":3,"minecraft:chest":9,"minecraft:stone_hoe":2,"minecraft:oak_fence":21,"minecraft:cooked_rabbit":3,"minecraft:wheat":306,"minecraft:crafting_table":1,"minecraft:spruce_planks":1012,"minecraft:wooden_pickaxe":1,"minecraft:fletching_table":3,"minecraft:bucket":2,"minecraft:stone_axe":3,"minecraft:bread":102,"minecraft:air":0,"minecraft:charcoal":2,"minecraft:stick":36,"minecraft:iron_ingot":3,"minecraft:iron_pickaxe":2,"minecraft:spruce_fence_gate":2,"minecraft:torch":32},"minecraft:mined":{"minecraft:spruce_planks":67,"minecraft:white_bed":4,"minecraft:oak_sapling":1,"minecraft:mossy_cobblestone":7,"minecraft:grass_block":87,"minecraft:spruce_fence":1,"minecraft:spruce_leaves":75,"minecraft:cartography_table":1,"minecraft:large_fern":4,"minecraft:hay_block":33,"minecraft:oak_trapdoor":15,"minecraft:spruce_sapling":5,"minecraft:furnace":1,"minecraft:carrots":23,"minecraft:andesite":2,"minecraft:pumpkin":1,"minecraft:fletching_table":1,"minecraft:potatoes":9,"minecraft:stone":110,"minecraft:spruce_slab":44,"minecraft:tripwire":8,"minecraft:brown_mushroom":1,"minecraft:glass_pane":2,"minecraft:smoker":2,"minecraft:dandelion":4,"minecraft:powder_snow":34,"minecraft:oak_fence":38,"minecraft:crafting_table":6,"minecraft:torch":16,"minecraft:short_grass":150,"minecraft:blast_furnace":2,"minecraft:poppy":2,"minecraft:tall_grass":9,"minecraft:cobblestone":38,"minecraft:sugar_cane":7,"minecraft:oak_planks":7,"minecraft:blue_bed":27,"minecraft:wall_torch":4,"minecraft:wheat":26,"minecraft:ice":2,"minecraft:spruce_log":257,"minecraft:yellow_bed":5,"minecraft:oak_log":57,"minecraft:coal_ore":45,"minecraft:beetroots":1,"minecraft:oak_fence_gate":2,"minecraft:dirt":17,"minecraft:spruce_fence_gate":1},"minecraft:picked_up":{"minecraft:charcoal":2,"minecraft:crafting_table":7,"minecraft:wheat":26,"minecraft:azure_bluet":1,"minecraft:leather_leggings":1,"minecraft:brown_mushroom":8,"minecraft:oak_trapdoor":20,"minecraft:string":88,"minecraft:iron_axe":1,"minecraft:beetroot":1,"minecraft:cartography_table":1,"minecraft:spruce_planks":98,"minecraft:beef":9,"minecraft:poppy":9,"minecraft:spruce_slab":61,"minecraft:sugar_cane":13,"minecraft:furnace":1,"minecraft:egg":1,"minecraft:stick":37,"minecraft:oak_fence":43,"minecraft:torch":25,"minecraft:spruce_fence":1,"minecraft:porkchop":11,"minecraft:carrot":80,"minecraft:arrow":5,"minecraft:rotten_flesh":6,"minecraft:beetroot_seeds":6,"minecraft:hay_block":42,"minecraft:snowball":8,"minecraft:cobblestone":168,"minecraft:tripwire_hook":2,"minecraft:andesite":4,"minecraft:leather":3,"minecraft:powder_snow_bucket":1,"minecraft:smoker":2,"minecraft:potato":32,"minecraft:oak_log":59,"minecraft:yellow_bed":5,"minecraft:gunpowder":8,"minecraft:dirt":127,"minecraft:blue_bed":27,"minecraft:bone":4,"minecraft:bow":1,"minecraft:wheat_seeds":134,"minecraft:stone_pickaxe":1,"minecraft:rabbit_hide":4,"minecraft:iron_ingot":37,"minecraft:oak_fence_gate":2,"minecraft:fletching_table":2,"minecraft:rabbit":4,"minecraft:oak_planks":9,"minecraft:pumpkin":1,"minecraft:dandelion":5,"minecraft:poisonous_potato":2,"minecraft:blast_furnace":3,"minecraft:spruce_sapling":48,"minecraft:grass_block":1,"minecraft:white_bed":4,"minecraft:spruce_log":257,"minecraft:mossy_cobblestone":10,"minecraft:spruce_fence_gate":1,"minecraft:stone_axe":1,"minecraft:oak_sapling":2,"minecraft:coal":47},"minecraft:custom":{"minecraft:mob_kills":36,"minecraft:animals_bred":3,"minecraft:interact_with_crafting_table":29,"minecraft:bell_ring":13,"minecraft:leave_game":8,"minecraft:time_since_death":160497,"minecraft:sprint_one_cm":478939,"minecraft:walk_one_cm":572546,"minecraft:drop":78,"minecraft:talked_to_villager":1,"minecraft:play_time":204872,"minecraft:deaths":1,"minecraft:sneak_time":686,"minecraft:walk_under_water_one_cm":1044,"minecraft:jump":3441,"minecraft:interact_with_blast_furnace":1,"minecraft:walk_on_water_one_cm":23791,"minecraft:total_world_time":204872,"minecraft:interact_with_furnace":7,"minecraft:sleep_in_bed":19,"minecraft:time_since_rest":969,"minecraft:damage_taken":1320,"minecraft:damage_dealt":12727,"minecraft:swim_one_cm":23080,"minecraft:fly_one_cm":678248,"minecraft:open_chest":98,"minecraft:crouch_one_cm":1642,"minecraft:interact_with_smoker":1,"minecraft:fall_one_cm":60913},"minecraft:broken":{"minecraft:iron_axe":2},"minecraft:used":{"minecraft:oak_trapdoor":13,"minecraft:oak_fence":55,"minecraft:stone_shovel":62,"minecraft:spruce_slab":321,"minecraft:chest":9,"minecraft:spruce_planks":393,"minecraft:stone_hoe":96,"minecraft:rotten_flesh":4,"minecraft:torch":49,"minecraft:dirt":87,"minecraft:carrot":42,"minecraft:snowball":8,"minecraft:oak_fence_gate":1,"minecraft:iron_axe":486,"minecraft:tripwire_hook":2,"minecraft:oak_sapling":6,"minecraft:furnace":1,"minecraft:egg":1,"minecraft:potato":38,"minecraft:powder_snow_bucket":11,"minecraft:wheat_seeds":53,"minecraft:water_bucket":8,"minecraft:leather_leggings":1,"minecraft:stone_pickaxe":176,"minecraft:oak_planks":91,"minecraft:spruce_fence_gate":2,"minecraft:wooden_pickaxe":10,"minecraft:sugar_cane":4,"minecraft:blue_bed":25,"minecraft:fletching_table":1,"minecraft:mossy_cobblestone":10,"minecraft:blast_furnace":2,"minecraft:crafting_table":7,"minecraft:white_bed":4,"minecraft:spruce_log":2,"minecraft:smoker":2,"minecraft:oak_log":12,"minecraft:string":62,"minecraft:bread":40,"minecraft:iron_pickaxe":24,"minecraft:spruce_sapling":36,"minecraft:stone_axe":170,"minecraft:cobblestone":57,"minecraft:cooked_rabbit":1,"minecraft:bucket":21,"minecraft:yellow_bed":5}},"DataVersion":3700}