{"stats":{"minecraft:killed":{"minecraft:pig":4,"minecraft:zombie_villager":1,"minecraft:iron_golem":5,"minecraft:zombie":10,"minecraft:cow":4},"minecraft:custom":{"minecraft:mob_kills":26,"minecraft:interact_with_crafting_table":19,"minecraft:leave_game":5,"minecraft:time_since_death":86723,"minecraft:sprint_one_cm":327496,"minecraft:walk_one_cm":285470,"minecraft:drop":49,"minecraft:talked_to_villager":1,"minecraft:play_time":131098,"minecraft:deaths":1,"minecraft:sneak_time":172,"minecraft:walk_under_water_one_cm":1044,"minecraft:jump":2497,"minecraft:walk_on_water_one_cm":23710,"minecraft:total_world_time":131098,"minecraft:interact_with_furnace":4,"minecraft:sleep_in_bed":10,"minecraft:time_since_rest":1862,"minecraft:damage_taken":1168,"minecraft:damage_dealt":7921,"minecraft:swim_one_cm":23080,"minecraft:fly_one_cm":475807,"minecraft:open_chest":36,"minecraft:crouch_one_cm":335,"minecraft:fall_one_cm":46913},"minecraft:mined":{"minecraft:spruce_planks":3,"minecraft:white_bed":2,"minecraft:oak_sapling":1,"minecraft:mossy_cobblestone":7,"minecraft:grass_block":67,"minecraft:spruce_fence":1,"minecraft:spruce_leaves":75,"minecraft:cartography_table":1,"minecraft:large_fern":4,"minecraft:hay_block":25,"minecraft:spruce_sapling":5,"minecraft:furnace":1,"minecraft:carrots":12,"minecraft:andesite":2,"minecraft:pumpkin":1,"minecraft:fletching_table":1,"minecraft:potatoes":5,"minecraft:stone":110,"minecraft:tripwire":8,"minecraft:brown_mushroom":1,"minecraft:glass_pane":2,"minecraft:powder_snow":34,"minecraft:crafting_table":6,"minecraft:torch":5,"minecraft:short_grass":37,"minecraft:blast_furnace":1,"minecraft:tall_grass":9,"minecraft:cobblestone":35,"minecraft:sugar_cane":7,"minecraft:oak_planks":7,"minecraft:blue_bed":8,"minecraft:wall_torch":1,"minecraft:wheat":1,"minecraft:ice":2,"minecraft:spruce_log":242,"minecraft:coal_ore":45,"minecraft:oak_log":39,"minecraft:beetroots":1,"minecraft:dirt":17},"minecraft:picked_up":{"minecraft:charcoal":2,"minecraft:crafting_table":7,"minecraft:wheat":1,"minecraft:leather_leggings":1,"minecraft:brown_mushroom":8,"minecraft:string":87,"minecraft:iron_axe":1,"minecraft:beetroot":1,"minecraft:cartography_table":1,"minecraft:spruce_planks":35,"minecraft:beef":9,"minecraft:poppy":1,"minecraft:sugar_cane":13,"minecraft:egg":1,"minecraft:furnace":1,"minecraft:stick":37,"minecraft:torch":6,"minecraft:spruce_fence":1,"minecraft:porkchop":11,"minecraft:carrot":36,"minecraft:arrow":4,"minecraft:rotten_flesh":6,"minecraft:beetroot_seeds":3,"minecraft:hay_block":34,"minecraft:snowball":8,"minecraft:cobblestone":165,"minecraft:tripwire_hook":2,"minecraft:andesite":4,"minecraft:leather":3,"minecraft:powder_snow_bucket":1,"minecraft:potato":18,"minecraft:oak_log":41,"minecraft:gunpowder":6,"minecraft:blue_bed":8,"minecraft:dirt":87,"minecraft:bone":2,"minecraft:bow":1,"minecraft:wheat_seeds":13,"minecraft:rabbit_hide":4,"minecraft:stone_pickaxe":1,"minecraft:iron_ingot":20,"minecraft:rabbit":4,"minecraft:fletching_table":2,"minecraft:oak_planks":9,"minecraft:pumpkin":1,"minecraft:spruce_sapling":48,"minecraft:blast_furnace":2,"minecraft:spruce_log":242,"minecraft:white_bed":2,"minecraft:grass_block":1,"minecraft:mossy_cobblestone":10,"minecraft:stone_axe":1,"minecraft:oak_sapling":1,"minecraft:coal":47},"minecraft:crafted":{"minecraft:oak_planks":116,"minecraft:stone_shovel":1,"minecraft:iron_axe":1,"minecraft:stone_pickaxe":3,"minecraft:chest":6,"minecraft:cooked_rabbit":3,"minecraft:wheat":306,"minecraft:crafting_table":1,"minecraft:spruce_planks":836,"minecraft:wooden_pickaxe":1,"minecraft:fletching_table":3,"minecraft:bucket":2,"minecraft:stone_axe":3,"minecraft:bread":102,"minecraft:air":0,"minecraft:charcoal":2,"minecraft:stick":8,"minecraft:iron_ingot":3,"minecraft:iron_pickaxe":2,"minecraft:torch":8},"minecraft:broken":{"minecraft:iron_axe":1},"minecraft:dropped":{"minecraft:iron_ingot":2,"minecraft:bread":37,"minecraft:wheat_seeds":8,"minecraft:fletching_table":1,"minecraft:grass_block":1,"minecraft:stick":6,"minecraft:dirt":8,"minecraft:iron_axe":1,"minecraft:string":12,"minecraft:blue_bed":1,"minecraft:stone_axe":2,"minecraft:rotten_flesh":2,"minecraft:spruce_fence":1,"minecraft:blast_furnace":1,"minecraft:poppy":1,"minecraft:rabbit_hide":2,"minecraft:spruce_planks":22,"minecraft:andesite":4,"minecraft:stone_pickaxe":3,"minecraft:wooden_pickaxe":1,"minecraft:cooked_rabbit":2},"minecraft:used":{"minecraft:stone_shovel":62,"minecraft:spruce_planks":180,"minecraft:chest":3,"minecraft:rotten_flesh":4,"minecraft:torch":6,"minecraft:dirt":79,"minecraft:snowball":8,"minecraft:iron_axe":232,"minecraft:tripwire_hook":2,"minecraft:furnace":1,"minecraft:oak_sapling":6,"minecraft:egg":1,"minecraft:powder_snow_bucket":11,"minecraft:water_bucket":5,"minecraft:leather_leggings":1,"minecraft:stone_pickaxe":176,"minecraft:oak_planks":73,"minecraft:wooden_pickaxe":10,"minecraft:fletching_table":1,"minecraft:blue_bed":7,"minecraft:sugar_cane":4,"minecraft:mossy_cobblestone":10,"minecraft:crafting_table":7,"minecraft:spruce_log":2,"minecraft:oak_log":12,"minecraft:bread":30,"minecraft:string":62,"minecraft:iron_pickaxe":18,"minecraft:spruce_sapling":36,"minecraft:stone_axe":170,"minecraft:cobblestone":54,"minecraft:cooked_rabbit":1,"minecraft:bucket":18}},"DataVersion":3700}