{"stats":{"minecraft:killed":{"minecraft:iron_golem":1},"minecraft:crafted":{"minecraft:crafting_table":2,"minecraft:stick":12,"minecraft:iron_pickaxe":1,"minecraft:stone_pickaxe":1,"minecraft:acacia_planks":24,"minecraft:torch":24,"minecraft:stone_axe":1,"minecraft:bread":18,"minecraft:wheat":54},"minecraft:used":{"minecraft:wooden_axe":4,"minecraft:bread":2,"minecraft:stone_pickaxe":46,"minecraft:iron_pickaxe":3,"minecraft:wooden_pickaxe":7,"minecraft:stone_axe":6,"minecraft:dirt":1,"minecraft:cobblestone":1,"minecraft:crafting_table":4,"minecraft:white_bed":1,"minecraft:egg":1},"minecraft:mined":{"minecraft:hay_block":19,"minecraft:white_bed":3,"minecraft:clay":4,"minecraft:crafting_table":3,"minecraft:short_grass":5,"minecraft:acacia_log":6,"minecraft:grass_block":21,"minecraft:coal_ore":13,"minecraft:dirt":11,"minecraft:cobblestone":18,"minecraft:stone":25,"minecraft:oak_leaves":3},"minecraft:custom":{"minecraft:time_since_rest":4122,"minecraft:sprint_one_cm":60910,"minecraft:damage_taken":245,"minecraft:walk_one_cm":28352,"minecraft:mob_kills":1,"minecraft:drop":10,"minecraft:damage_dealt":210,"minecraft:player_kills":1,"minecraft:swim_one_cm":2253,"minecraft:interact_with_crafting_table":5,"minecraft:fly_one_cm":81390,"minecraft:open_chest":2,"minecraft:play_time":25606,"minecraft:deaths":1,"minecraft:walk_under_water_one_cm":94,"minecraft:jump":355,"minecraft:leave_game":2,"minecraft:time_since_death":17189,"minecraft:walk_on_water_one_cm":801,"minecraft:sleep_in_bed":1,"minecraft:climb_one_cm":544,"minecraft:total_world_time":25606,"minecraft:fall_one_cm":7704},"minecraft:killed_by":{"minecraft:player":1},"minecraft:picked_up":{"minecraft:wooden_axe":1,"minecraft:crafting_table":3,"minecraft:clay_ball":16,"minecraft:wooden_pickaxe":1,"minecraft:acacia_log":6,"minecraft:white_bed":5,"minecraft:dirt":32,"minecraft:acacia_planks":4,"minecraft:wheat_seeds":2,"minecraft:hay_block":25,"minecraft:iron_ingot":5,"minecraft:oak_sapling":1,"minecraft:coal":13,"minecraft:cobblestone":40,"minecraft:egg":1},"minecraft:dropped":{"minecraft:iron_ingot":2,"minecraft:dirt":1,"minecraft:wheat_seeds":2,"minecraft:wooden_axe":1,"minecraft:wooden_pickaxe":1,"minecraft:white_bed":3}},"DataVersion":3700}