{"stats":{"minecraft:killed":{"minecraft:iron_golem":1},"minecraft:custom":{"minecraft:open_chest":5,"minecraft:time_since_rest":5172,"minecraft:sprint_one_cm":34335,"minecraft:play_time":14848,"minecraft:walk_one_cm":20309,"minecraft:mob_kills":1,"minecraft:drop":1,"minecraft:jump":203,"minecraft:damage_dealt":1001,"minecraft:time_since_death":14848,"minecraft:leave_game":2,"minecraft:sleep_in_bed":1,"minecraft:total_world_time":14848,"minecraft:interact_with_crafting_table":2,"minecraft:fall_one_cm":3460,"minecraft:fly_one_cm":47038},"minecraft:crafted":{"minecraft:stone_axe":1,"minecraft:crafting_table":1,"minecraft:spruce_planks":20,"minecraft:stick":8,"minecraft:wooden_pickaxe":1,"minecraft:stone_pickaxe":1},"minecraft:mined":{"minecraft:short_grass":3,"minecraft:grass_block":7,"minecraft:dirt":4,"minecraft:spruce_leaves":5,"minecraft:spruce_log":13,"minecraft:stone":10,"minecraft:crafting_table":1},"minecraft:used":{"minecraft:stone_axe":20,"minecraft:leather_leggings":1,"minecraft:dirt":4,"minecraft:crafting_table":1,"minecraft:bread":1,"minecraft:wooden_pickaxe":10},"minecraft:dropped":{"minecraft:wooden_pickaxe":1},"minecraft:picked_up":{"minecraft:stick":5,"minecraft:crafting_table":1,"minecraft:rabbit_hide":2,"minecraft:iron_ingot":5,"minecraft:rabbit":3,"minecraft:spruce_sapling":5,"minecraft:spruce_log":13,"minecraft:dirt":11,"minecraft:cobblestone":10}},"DataVersion":3700}