{"stats":{"minecraft:used":{"minecraft:leather_leggings":1,"minecraft:stone_pickaxe":141,"minecraft:chest":1,"minecraft:spruce_planks":79,"minecraft:wooden_pickaxe":10,"minecraft:blue_bed":2,"minecraft:rotten_flesh":4,"minecraft:dirt":20,"minecraft:crafting_table":6,"minecraft:snowball":8,"minecraft:bread":14,"minecraft:spruce_sapling":8,"minecraft:stone_axe":113,"minecraft:cobblestone":4,"minecraft:furnace":1,"minecraft:cooked_rabbit":1,"minecraft:bucket":10,"minecraft:powder_snow_bucket":9},"minecraft:mined":{"minecraft:spruce_planks":2,"minecraft:white_bed":2,"minecraft:brown_mushroom":1,"minecraft:powder_snow":34,"minecraft:crafting_table":6,"minecraft:short_grass":7,"minecraft:blast_furnace":1,"minecraft:grass_block":8,"minecraft:spruce_fence":1,"minecraft:tall_grass":4,"minecraft:cobblestone":4,"minecraft:spruce_leaves":38,"minecraft:cartography_table":1,"minecraft:blue_bed":4,"minecraft:large_fern":3,"minecraft:furnace":1,"minecraft:ice":2,"minecraft:spruce_log":30,"minecraft:andesite":2,"minecraft:oak_log":26,"minecraft:coal_ore":35,"minecraft:dirt":15,"minecraft:stone":108},"minecraft:picked_up":{"minecraft:charcoal":2,"minecraft:crafting_table":7,"minecraft:andesite":4,"minecraft:leather_leggings":1,"minecraft:brown_mushroom":8,"minecraft:powder_snow_bucket":1,"minecraft:oak_log":26,"minecraft:gunpowder":6,"minecraft:dirt":26,"minecraft:string":6,"minecraft:blue_bed":4,"minecraft:wheat_seeds":2,"minecraft:cartography_table":1,"minecraft:rabbit_hide":4,"minecraft:spruce_planks":34,"minecraft:beef":5,"minecraft:iron_ingot":9,"minecraft:stone_pickaxe":1,"minecraft:rabbit":4,"minecraft:furnace":1,"minecraft:stick":20,"minecraft:spruce_fence":1,"minecraft:porkchop":5,"minecraft:spruce_sapling":20,"minecraft:blast_furnace":2,"minecraft:white_bed":2,"minecraft:grass_block":1,"minecraft:spruce_log":30,"minecraft:rotten_flesh":6,"minecraft:stone_axe":1,"minecraft:hay_block":9,"minecraft:coal":37,"minecraft:snowball":8,"minecraft:cobblestone":128},"minecraft:custom":{"minecraft:interact_with_furnace":4,"minecraft:mob_kills":16,"minecraft:interact_with_crafting_table":7,"minecraft:leave_game":4,"minecraft:time_since_death":26570,"minecraft:sleep_in_bed":4,"minecraft:time_since_rest":4706,"minecraft:sprint_one_cm":189736,"minecraft:damage_taken":764,"minecraft:walk_one_cm":136349,"minecraft:drop":25,"minecraft:damage_dealt":4020,"minecraft:talked_to_villager":1,"minecraft:swim_one_cm":3053,"minecraft:fly_one_cm":246543,"minecraft:open_chest":11,"minecraft:crouch_one_cm":25,"minecraft:play_time":70945,"minecraft:deaths":1,"minecraft:sneak_time":48,"minecraft:walk_under_water_one_cm":179,"minecraft:jump":1314,"minecraft:walk_on_water_one_cm":1374,"minecraft:total_world_time":70945,"minecraft:fall_one_cm":28968},"minecraft:dropped":{"minecraft:bread":2,"minecraft:stone_axe":2,"minecraft:wheat_seeds":2,"minecraft:rotten_flesh":2,"minecraft:spruce_fence":1,"minecraft:grass_block":1,"minecraft:blast_furnace":1,"minecraft:stick":6,"minecraft:rabbit_hide":2,"minecraft:dirt":6,"minecraft:spruce_planks":22,"minecraft:andesite":4,"minecraft:stone_pickaxe":2,"minecraft:wooden_pickaxe":1,"minecraft:string":2,"minecraft:cooked_rabbit":2,"minecraft:blue_bed":1},"minecraft:crafted":{"minecraft:oak_planks":104,"minecraft:crafting_table":1,"minecraft:spruce_planks":112,"minecraft:wooden_pickaxe":1,"minecraft:bucket":1,"minecraft:stone_axe":3,"minecraft:bread":27,"minecraft:air":0,"minecraft:charcoal":2,"minecraft:stick":8,"minecraft:iron_pickaxe":1,"minecraft:stone_pickaxe":3,"minecraft:chest":4,"minecraft:cooked_rabbit":3,"minecraft:wheat":81},"minecraft:killed":{"minecraft:pig":2,"minecraft:zombie_villager":1,"minecraft:iron_golem":2,"minecraft:zombie":9,"minecraft:cow":2}},"DataVersion":3700}